deviceModel,MODULAIR
deviceID,e00fce68cdf35636c8b4be69
deviceSN,MOD-00397
timestamp_iso,sku,fw,connection_status,flag,sampleNo,soc,bat_voltage,sample_temp,sample_rh,bin0,bin1,bin2,bin3,bin4,bin5,bin6,bin7,bin8,bin9,bin10,bin11,bin12,bin13,bin14,bin15,bin16,bin17,bin18,bin19,bin20,bin21,bin22,bin23,bin1MToF,bin3MToF,bin5MToF,bin7MToF,sample_period,sample_flow,opc_temp,opc_rh,opc_pm1,opc_pm25,opc_pm10,laser_status,pm1_std,pm25_std,pm10_std,pm1_env,pm25_env,pm10_env,neph_bin0,neph_bin1,neph_bin2,neph_bin3,neph_bin4,neph_bin5,ws,wd,co_we,co_ae,no_we,no_ae,no2_we,no2_ae,ox_we,ox_ae,co2_raw,
2024-08-14T05:49:54Z,031,12,0,243,1,100.00,4.33,22.67,88.19,0.0000,0.0000,0.0000,0.0000,0.0000,0.0000,0.0000,0.0000,0.0000,0.0000,0.0000,0.0000,0.0000,0.0000,0.0000,0.0000,0.0000,0.0000,0.0000,0.0000,0.0000,0.0000,0.0000,0.0000,0.0000,0.0000,0.0000,0.0000,4194979.00,3.700,22.66,88.82,0.000,0.000,0.000,591,2.00,3.00,3.00,2.00,3.00,3.00,531.00,144.00,38.00,2.00,0.00,0.00,5.479,0.000,3303.188,0.062,3303.125,3303.469,1589.062,1720.250,3298.688,-3.375,1118.062
2024-08-14T05:49:59Z,031,12,0,241,2,100.00,4.27,22.67,88.20,15.2601,1.3873,0.3468,0.2312,0.1156,0.2312,0.1156,0.0000,0.0000,0.0000,0.0000,0.0000,0.0000,0.0000,0.0000,0.0000,0.0000,0.0000,0.0000,0.0000,0.0000,0.0000,0.0000,0.0000,13.6667,14.0000,11.3333,0.0000,5.00,1.730,22.97,88.39,2.811,7.342,10.246,588,2.00,3.00,3.00,2.00,3.00,3.00,501.00,134.00,28.00,2.00,0.00,0.00,6.754,355.000,3303.188,0.062,3303.188,3303.562,1604.031,1715.906,3298.688,-3.375,1105.688
2024-08-14T05:50:04Z,031,12,0,241,3,100.00,4.28,22.65,88.17,57.2254,1.5029,0.4624,0.0000,0.1156,0.0000,0.1156,0.0000,0.0000,0.0000,0.0000,0.0000,0.0000,0.0000,0.0000,0.0000,0.0000,0.0000,0.0000,0.0000,0.0000,0.0000,0.0000,0.0000,13.6667,0.0000,0.0000,0.0000,5.00,1.730,23.08,88.04,7.306,9.554,11.556,589,1.00,2.00,2.00,1.00,2.00,2.00,342.00,88.00,21.00,1.00,0.00,0.00,5.824,31.000,3303.188,0.188,3303.188,3303.406,1620.344,1704.000,3298.688,-3.375,1084.625
2024-08-14T05:49:58Z,031,12,1,241,4,100.00,4.24,22.67,88.24,60.5369,1.8792,0.4027,0.2685,0.1342,0.0000,0.0000,0.0000,0.1342,0.0000,0.0000,0.0000,0.0000,0.0000,0.0000,0.0000,0.0000,0.0000,0.0000,0.0000,0.0000,0.0000,0.0000,0.0000,16.6667,8.3333,0.0000,0.0000,5.00,1.490,23.19,87.77,7.986,10.532,28.768,590,1.00,3.00,3.00,1.00,3.00,3.00,372.00,101.00,29.00,1.00,0.00,0.00,4.068,0.000,3303.188,0.062,3303.125,3303.562,1631.688,1693.500,3298.688,11.750,1105.844
2024-08-14T05:50:03Z,031,12,1,241,5,100.00,4.21,22.65,88.25,28.0556,1.8056,0.1389,0.4167,0.2778,0.8333,0.0000,0.0000,0.0000,0.0000,0.0000,0.0000,0.0000,0.0000,0.0000,0.0000,0.0000,0.0000,0.0000,0.0000,0.0000,0.0000,0.0000,0.0000,15.6667,15.3333,15.3333,0.0000,5.00,1.440,23.28,87.45,4.869,14.074,17.459,590,2.00,3.00,3.00,2.00,3.00,3.00,459.00,129.00,31.00,1.00,0.00,0.00,3.594,353.000,3303.000,0.062,3303.094,3303.406,1638.562,1684.500,3298.688,549.906,1108.719
2024-08-14T05:50:08Z,031,12,1,241,6,100.00,4.24,22.64,88.30,24.0278,2.0833,0.4167,0.1389,0.1389,0.1389,0.0000,0.1389,0.1389,0.0000,0.0000,0.0000,0.0000,0.0000,0.0000,0.0000,0.0000,0.0000,0.0000,0.0000,0.0000,0.0000,0.0000,0.0000,15.0000,10.0000,12.6667,15.0000,5.00,1.440,23.42,87.18,3.895,9.386,36.204,589,2.00,3.00,4.00,2.00,3.00,4.00,462.00,138.00,37.00,1.00,1.00,1.00,3.606,2.000,3303.062,0.094,3303.094,3303.375,1641.750,1677.656,3298.688,1046.938,1116.156
2024-08-14T05:50:13Z,031,12,1,241,7,100.00,4.27,22.67,88.30,23.0065,1.4379,0.6536,0.2614,0.3922,0.0000,0.2614,0.0000,0.0000,0.0000,0.0000,0.0000,0.0000,0.0000,0.0000,0.0000,0.0000,0.0000,0.0000,0.0000,0.0000,0.0000,0.0000,0.0000,12.0000,12.6667,0.0000,0.0000,5.00,1.530,23.52,86.83,4.076,9.793,14.415,589,2.00,4.00,4.00,2.00,4.00,4.00,498.00,150.00,36.00,1.00,1.00,1.00,4.500,0.000,3303.031,0.094,3303.000,3303.375,1644.188,1672.688,3298.688,1442.562,1116.938
2024-08-14T05:50:18Z,031,12,1,241,8,100.00,4.28,22.65,88.33,14.5455,0.8485,0.4848,0.2424,0.2424,0.0000,0.0000,0.0000,0.1212,0.0000,0.0000,0.0000,0.0000,0.0000,0.0000,0.0000,0.0000,0.0000,0.0000,0.0000,0.0000,0.0000,0.0000,0.0000,9.6667,25.6667,0.0000,0.0000,5.00,1.650,23.66,86.42,2.637,5.402,21.940,588,2.00,3.00,4.00,2.00,3.00,4.00,567.00,167.00,37.00,1.00,1.00,1.00,5.850,0.000,3303.188,0.062,3303.094,3303.375,1645.500,1668.188,3298.688,1771.406,1118.438
2024-08-14T05:50:23Z,031,12,1,241,9,100.00,4.26,22.65,88.36,12.2404,1.2022,0.1093,0.3279,0.2186,0.0000,0.0000,0.0000,0.0000,0.0000,0.0000,0.0000,0.0000,0.0000,0.0000,0.0000,0.0000,0.0000,0.0000,0.0000,0.0000,0.0000,0.0000,0.0000,9.3333,15.3333,0.0000,0.0000,5.00,1.830,23.77,86.07,2.286,3.782,3.933,588,2.00,4.00,5.00,2.00,4.00,5.00,543.00,157.00,30.00,2.00,1.00,1.00,6.750,0.000,3303.188,0.125,3303.188,3303.469,1646.438,1664.969,3298.688,2014.625,1121.625
2024-08-14T05:50:28Z,031,12,1,241,10,100.00,4.27,22.68,88.35,12.0976,1.4634,0.2927,0.0000,0.3902,0.0000,0.0000,0.0000,0.0000,0.0000,0.0000,0.0000,0.0000,0.0000,0.0000,0.0000,0.0000,0.0000,0.0000,0.0000,0.0000,0.0000,0.0000,0.0000,9.6667,0.0000,0.0000,0.0000,5.00,2.050,23.89,85.71,2.310,4.071,4.299,589,2.00,3.00,4.00,2.00,3.00,4.00,504.00,141.00,23.00,2.00,1.00,1.00,6.300,7.000,3303.188,0.062,3303.156,3303.500,1646.625,1661.812,3298.688,2198.719,1126.500
2024-08-14T05:50:33Z,031,12,1,241,11,100.00,4.33,22.67,88.35,11.5044,1.2389,0.0885,0.3540,0.1770,0.0885,0.0885,0.0000,0.0000,0.0000,0.0000,0.0000,0.0000,0.0000,0.0000,0.0000,0.0000,0.0000,0.0000,0.0000,0.0000,0.0000,0.0000,0.0000,9.3333,11.3333,12.6667,0.0000,5.00,2.260,23.99,85.33,2.258,5.544,7.492,589,4.00,6.00,6.00,4.00,6.00,6.00,729.00,204.00,31.00,6.00,0.00,0.00,5.400,0.000,3303.188,0.000,3303.156,3303.375,1647.000,1659.750,3298.688,2343.812,1125.625
2024-08-14T05:50:38Z,031,12,1,241,1,100.00,4.27,22.68,88.38,10.8058,1.0642,0.5730,0.2456,0.1637,0.1637,0.0819,0.0819,0.0000,0.0000,0.0000,0.0000,0.0000,0.0000,0.0000,0.0000,0.0000,0.0000,0.0000,0.0000,0.0000,0.0000,0.0000,0.0000,9.6667,8.6667,46.0000,15.6667,5.03,2.430,24.07,84.99,2.371,7.262,13.733,589,2.00,6.00,7.00,2.00,6.00,7.00,582.00,166.00,42.00,14.00,0.00,0.00,4.921,2.000,3303.125,0.031,3303.031,3303.375,1647.375,1657.875,3298.688,2458.906,1128.250
2024-08-14T05:50:43Z,031,12,1,241,2,100.00,4.26,22.65,88.40,8.7692,1.0000,0.3077,0.1538,0.3846,0.1538,0.2308,0.0769,0.0000,0.0000,0.0000,0.0000,0.0000,0.0000,0.0000,0.0000,0.0000,0.0000,0.0000,0.0000,0.0000,0.0000,0.0000,0.0000,9.3333,13.0000,14.3333,15.3333,5.00,2.600,24.18,84.62,2.094,9.476,18.275,588,2.00,6.00,7.00,2.00,6.00,7.00,615.00,168.00,41.00,13.00,0.00,0.00,4.500,354.000,3303.094,0.125,3303.000,3303.375,1647.562,1656.562,3298.688,2550.281,1129.688
2024-08-14T05:50:48Z,031,12,1,241,3,100.00,4.26,22.67,88.43,8.8390,1.0487,0.1498,0.0749,0.1498,0.1498,0.1498,0.0000,0.0000,0.0000,0.0000,0.0000,0.0000,0.0000,0.0000,0.0000,0.0000,0.0000,0.0000,0.0000,0.0000,0.0000,0.0000,0.0000,10.3333,10.6667,14.3333,0.0000,5.00,2.670,24.30,84.31,1.709,5.796,8.969,589,1.00,5.00,6.00,1.00,5.00,6.00,621.00,169.00,43.00,12.00,0.00,0.00,3.150,11.000,3303.094,0.188,3303.031,3303.469,1647.750,1655.250,3238.000,2584.062,1133.625
2024-08-14T05:50:53Z,031,12,1,241,4,100.00,4.27,22.68,88.42,9.2254,0.8451,0.2113,0.0000,0.2113,0.0000,0.0000,0.0000,0.0000,0.0000,0.0000,0.0000,0.0000,0.0000,0.0000,0.0000,0.0000,0.0000,0.0000,0.0000,0.0000,0.0000,0.0000,0.0000,9.0000,0.0000,0.0000,0.0000,5.00,2.840,24.38,83.98,1.602,2.577,2.700,589,2.00,5.00,6.00,2.00,5.00,6.00,738.00,192.00,49.00,10.00,0.00,0.00,2.701,9.000,3303.156,0.062,3303.000,3303.375,1648.031,1654.438,2801.875,2404.719,1133.812
2024-08-14T05:50:58Z,031,12,1,241,5,100.00,4.26,22.68,88.40,8.6486,0.7432,0.2703,0.2703,0.2703,0.6081,0.1351,0.0000,0.0000,0.0000,0.0000,0.0000,0.0000,0.0000,0.0000,0.0000,0.0000,0.0000,0.0000,0.0000,0.0000,0.0000,0.0000,0.0000,9.3333,15.3333,14.6667,0.0000,5.00,2.960,24.48,83.66,2.230,10.963,15.731,589,2.00,5.00,6.00,2.00,5.00,6.00,750.00,190.00,47.00,9.00,0.00,0.00,2.250,0.000,3303.156,0.062,3303.000,3303.375,1648.125,1653.375,2451.188,2236.688,1143.375
2024-08-14T05:51:03Z,031,12,1,241,6,100.00,4.27,22.70,88.47,10.0000,0.8511,0.3546,0.0709,0.0709,0.0709,0.0000,0.0000,0.0000,0.0000,0.0000,0.0000,0.0000,0.0000,0.0000,0.0000,0.0000,0.0000,0.0000,0.0000,0.0000,0.0000,0.0000,0.0000,12.0000,8.6667,13.3333,0.0000,5.00,2.820,24.54,83.34,1.767,2.935,3.254,589,3.00,5.00,5.00,3.00,5.00,5.00,843.00,210.00,41.00,3.00,0.00,0.00,3.151,0.000,3303.125,0.094,3303.125,3303.438,1648.125,1652.438,2218.500,2106.000,1139.812
2024-08-14T05:51:08Z,031,12,1,241,7,100.00,4.26,22.68,88.43,10.6061,1.2879,0.3030,0.2273,0.1515,0.2273,0.0758,0.0758,0.0000,0.0000,0.0000,0.0000,0.0000,0.0000,0.0000,0.0000,0.0000,0.0000,0.0000,0.0000,0.0000,0.0000,0.0000,0.0000,12.3333,34.3333,16.3333,11.6667,5.00,2.640,24.61,83.05,2.247,7.384,13.678,588,3.00,5.00,6.00,3.00,5.00,6.00,876.00,223.00,50.00,4.00,0.00,0.00,4.050,1.000,3303.188,0.094,3303.094,3303.375,1648.312,1652.250,2067.188,2006.188,1143.469
2024-08-14T05:51:13Z,031,12,1,241,8,100.00,4.24,22.67,88.42,11.1524,0.7435,0.1487,0.0743,0.2230,0.2974,0.1487,0.0000,0.0000,0.0000,0.0000,0.0000,0.0000,0.0000,0.0000,0.0000,0.0000,0.0000,0.0000,0.0000,0.0000,0.0000,0.0000,0.0000,10.3333,11.0000,13.6667,0.0000,5.00,2.690,24.68,82.78,2.033,7.694,11.457,588,3.00,5.00,5.00,3.00,5.00,5.00,846.00,217.00,45.00,3.00,0.00,0.00,4.501,0.000,3303.188,0.031,3303.188,3303.531,1648.500,1651.875,1968.094,1930.188,1142.438
2024-08-14T05:51:18Z,031,12,1,241,9,100.00,4.25,22.67,88.45,8.5437,0.9709,0.1942,0.0647,0.0647,0.1294,0.2589,0.0000,0.0000,0.0000,0.0000,0.0000,0.0000,0.0000,0.0000,0.0000,0.0000,0.0000,0.0000,0.0000,0.0000,0.0000,0.0000,0.0000,7.3333,11.3333,15.3333,0.0000,5.00,3.090,24.78,82.49,1.612,6.588,11.458,588,2.00,4.00,4.00,2.00,4.00,4.00,684.00,179.00,34.00,3.00,0.00,0.00,6.749,0.000,3303.156,0.094,3303.062,3303.500,1648.406,1651.438,1902.062,1872.688,1150.500
2024-08-14T05:51:23Z,031,12,1,241,10,100.00,4.26,22.68,88.44,8.6076,1.0759,0.1266,0.1266,0.0633,0.0000,0.0000,0.0633,0.0000,0.0000,0.0000,0.0000,0.0000,0.0000,0.0000,0.0000,0.0000,0.0000,0.0000,0.0000,0.0000,0.0000,0.0000,0.0000,9.6667,12.0000,0.0000,14.0000,5.00,3.160,24.85,82.27,1.527,2.933,6.363,588,2.00,4.00,4.00,2.00,4.00,4.00,627.00,162.00,25.00,2.00,0.00,0.00,4.951,12.000,3303.156,0.094,3303.062,3303.375,1648.188,1651.000,1856.688,1828.250,1145.812
2024-08-14T05:51:28Z,031,12,1,241,11,100.00,4.30,22.68,88.47,8.0851,0.7903,0.2432,0.3040,0.1824,0.1216,0.0000,0.0000,0.0000,0.0000,0.0000,0.0000,0.0000,0.0000,0.0000,0.0000,0.0000,0.0000,0.0000,0.0000,0.0000,0.0000,0.0000,0.0000,9.0000,10.6667,12.3333,0.0000,5.00,3.290,24.95,81.97,1.806,4.203,4.797,589,1.00,2.00,3.00,1.00,2.00,3.00,552.00,149.00,19.00,2.00,0.00,0.00,2.700,18.000,3303.000,0.000,3303.000,3303.438,1648.312,1650.375,1824.438,1794.562,1150.688
2024-08-14T05:51:33Z,031,12,1,241,12,100.00,4.28,22.68,88.44,8.7613,0.6042,0.4834,0.0604,0.1813,0.1813,0.3021,0.0000,0.0000,0.0000,0.0000,0.0000,0.0000,0.0000,0.0000,0.0000,0.0000,0.0000,0.0000,0.0000,0.0000,0.0000,0.0000,0.0000,9.6667,10.0000,15.6667,0.0000,5.00,3.310,24.99,81.74,1.863,8.416,14.275,590,1.00,2.00,3.00,1.00,2.00,3.00,570.00,157.00,25.00,2.00,1.00,0.00,3.150,0.000,3303.000,0.031,3303.000,3303.375,1648.375,1650.188,1800.656,1767.969,1148.062
2024-08-14T05:51:38Z,031,12,1,241,1,100.00,4.21,22.71,88.44,8.8563,1.1730,0.2346,0.0587,0.3519,0.1760,0.1173,0.0587,0.0000,0.0000,0.0000,0.0000,0.0000,0.0000,0.0000,0.0000,0.0000,0.0000,0.0000,0.0000,0.0000,0.0000,0.0000,0.0000,9.3333,13.0000,14.0000,23.6667,5.00,3.410,25.05,81.55,1.973,7.513,13.495,589,2.00,3.00,3.00,2.00,3.00,3.00,594.00,173.00,29.00,2.00,1.00,0.00,4.049,4.000,3303.188,0.094,3303.000,3303.375,1648.312,1649.812,1782.469,1746.719,1153.688
2024-08-14T05:51:43Z,031,12,1,241,2,100.00,4.29,22.70,88.43,9.4048,1.2500,0.1786,0.1786,0.1190,0.1786,0.0000,0.0000,0.0000,0.0000,0.0000,0.0000,0.0000,0.0000,0.0000,0.0000,0.0000,0.0000,0.0000,0.0000,0.0000,0.0000,0.0000,0.0000,10.0000,15.3333,14.6667,0.0000,5.00,3.360,25.10,81.28,1.900,4.329,5.096,589,2.00,3.00,4.00,2.00,3.00,4.00,639.00,183.00,35.00,2.00,1.00,0.00,4.050,356.000,3303.188,0.094,3303.000,3303.375,1648.312,1649.250,1768.125,1730.344,1148.875
2024-08-14T05:51:48Z,031,12,1,241,3,100.00,4.27,22.72,88.40,8.5549,0.7514,0.4624,0.1156,0.1156,0.0000,0.1156,0.0000,0.0000,0.0000,0.0000,0.0000,0.0000,0.0000,0.0000,0.0000,0.0000,0.0000,0.0000,0.0000,0.0000,0.0000,0.0000,0.0000,9.0000,10.0000,0.0000,0.0000,5.00,3.460,25.16,81.09,1.714,4.057,6.068,589,2.00,4.00,4.00,2.00,4.00,4.00,705.00,200.00,48.00,2.00,1.00,0.00,8.100,4.000,3303.156,0.062,3303.000,3303.375,1648.656,1649.250,1756.188,1717.219,1155.938
2024-08-14T05:51:53Z,031,12,1,241,4,100.00,4.27,22.72,88.43,7.3829,0.9366,0.4959,0.0551,0.0551,0.1102,0.0000,0.0000,0.0000,0.0000,0.0000,0.0000,0.0000,0.0000,0.0000,0.0000,0.0000,0.0000,0.0000,0.0000,0.0000,0.0000,0.0000,0.0000,8.6667,22.0000,16.0000,0.0000,5.00,3.630,25.20,80.83,1.582,3.045,3.505,589,3.00,5.00,6.00,3.00,5.00,6.00,723.00,198.00,51.00,2.00,1.00,0.00,5.851,0.000,3303.188,0.094,3303.188,3303.562,1648.125,1648.875,1747.250,1707.031,1156.125
2024-08-14T05:51:58Z,031,12,1,241,5,100.00,4.27,22.71,88.46,8.6119,0.9632,0.4533,0.0567,0.1133,0.0567,0.0000,0.0567,0.0000,0.0000,0.0000,0.0000,0.0000,0.0000,0.0000,0.0000,0.0000,0.0000,0.0000,0.0000,0.0000,0.0000,0.0000,0.0000,10.0000,14.3333,11.0000,20.3333,5.00,3.530,25.29,80.68,1.723,3.730,7.048,589,3.00,5.00,5.00,3.00,5.00,5.00,678.00,179.00,40.00,2.00,0.00,0.00,7.199,356.000,3303.188,0.094,3303.188,3303.562,1648.125,1648.969,1739.438,1698.000,1156.844
2024-08-14T05:52:03Z,031,12,1,241,6,100.00,4.25,22.71,88.45,8.8268,1.0615,0.4469,0.1117,0.2235,0.1117,0.0559,0.0559,0.0000,0.0000,0.0000,0.0000,0.0000,0.0000,0.0000,0.0000,0.0000,0.0000,0.0000,0.0000,0.0000,0.0000,0.0000,0.0000,9.3333,9.6667,16.3333,22.0000,5.00,3.580,25.33,80.46,1.963,5.714,10.203,590,2.00,4.00,4.00,2.00,4.00,4.00,600.00,150.00,34.00,1.00,0.00,0.00,7.652,3.000,3303.125,0.094,3303.000,3303.469,1648.312,1648.875,1732.875,1691.406,1154.219
2024-08-14T05:52:08Z,031,12,1,241,7,100.00,4.28,22.74,88.51,9.8123,1.0188,0.6434,0.1072,0.1609,0.0536,0.0536,0.0000,0.0000,0.0000,0.0000,0.0000,0.0000,0.0000,0.0000,0.0000,0.0000,0.0000,0.0000,0.0000,0.0000,0.0000,0.0000,0.0000,8.6667,11.6667,13.6667,0.0000,5.00,3.730,25.38,80.29,2.098,4.339,5.544,589,2.00,3.00,3.00,2.00,3.00,3.00,564.00,146.00,28.00,2.00,0.00,0.00,4.050,0.000,3303.156,0.031,3303.062,3303.438,1648.312,1649.250,1727.562,1685.469,1156.875
2024-08-14T05:52:13Z,031,12,1,241,8,100.00,4.30,22.72,88.39,11.3932,1.9814,0.7430,0.1238,0.1238,0.1858,0.0619,0.0619,0.0000,0.0000,0.0000,0.0000,0.0000,0.0000,0.0000,0.0000,0.0000,0.0000,0.0000,0.0000,0.0000,0.0000,0.0000,0.0000,11.3333,10.3333,22.6667,15.0000,5.00,3.230,25.44,80.05,2.670,6.951,12.093,590,1.00,2.00,2.00,1.00,2.00,2.00,486.00,131.00,17.00,2.00,0.00,0.00,6.300,7.000,3303.031,0.000,3303.000,3303.375,1648.594,1649.031,1723.125,1680.750,1136.062
2024-08-14T05:52:18Z,031,12,1,241,9,100.00,4.28,22.72,88.44,16.9679,2.6822,1.0496,0.5248,0.2915,0.1749,0.1749,0.0583,0.0000,0.0000,0.0000,0.0000,0.0000,0.0000,0.0000,0.0000,0.0000,0.0000,0.0000,0.0000,0.0000,0.0000,0.0000,0.0000,9.3333,15.6667,14.0000,13.0000,5.00,3.430,25.48,79.87,4.237,11.289,18.213,590,2.00,3.00,3.00,2.00,3.00,3.00,417.00,112.00,17.00,2.00,0.00,0.00,5.849,2.000,3303.188,0.094,3303.188,3303.375,1648.688,1649.250,1718.625,1676.438,1158.938
2024-08-14T05:52:23Z,031,12,1,241,10,100.00,4.26,22.74,88.42,13.8961,1.9481,0.4545,0.1948,0.6494,0.0649,0.1299,0.1299,0.0000,0.0000,0.0000,0.0000,0.0000,0.0000,0.0000,0.0000,0.0000,0.0000,0.0000,0.0000,0.0000,0.0000,0.0000,0.0000,11.3333,9.6667,11.6667,16.6667,5.00,3.080,25.54,79.67,3.232,10.484,20.242,589,2.00,3.00,3.00,2.00,3.00,3.00,489.00,117.00,20.00,1.00,0.00,0.00,4.501,0.000,3303.156,0.031,3303.188,3303.438,1648.500,1648.875,1715.062,1673.000,1160.938
2024-08-14T05:52:28Z,031,12,1,241,11,100.00,4.26,22.72,88.39,17.6471,2.2876,0.3922,0.3922,0.7190,0.5229,0.3268,0.0654,0.0000,0.0654,0.0000,0.0000,0.0000,0.0000,0.0000,0.0000,0.0000,0.0000,0.0000,0.0000,0.0000,0.0000,0.0000,0.0000,10.3333,11.6667,13.0000,15.0000,5.00,3.060,25.61,79.55,4.261,18.131,46.796,589,2.00,2.00,2.00,2.00,2.00,2.00,474.00,120.00,19.00,1.00,0.00,0.00,6.300,2.000,3303.125,0.094,3303.062,3303.375,1649.031,1648.938,1711.688,1670.062,1159.125
2024-08-14T05:52:33Z,031,12,1,241,12,100.00,4.25,22.74,88.39,11.7042,1.6720,0.4502,0.0643,0.3215,0.1286,0.1929,0.0000,0.0643,0.0000,0.0000,0.0000,0.0000,0.0000,0.0000,0.0000,0.0000,0.0000,0.0000,0.0000,0.0000,0.0000,0.0000,0.0000,10.0000,8.6667,13.3333,0.0000,5.00,3.110,25.67,79.36,2.543,8.449,21.051,589,0.00,1.00,1.00,0.00,1.00,1.00,390.00,91.00,18.00,0.00,0.00,0.00,5.850,0.000,3303.000,0.000,3303.000,3303.375,1649.062,1649.094,1708.906,1667.062,1165.500
2024-08-14T05:52:38Z,031,12,1,241,1,100.00,4.27,22.76,88.36,11.8495,1.1912,0.8150,0.1881,0.2508,0.3135,0.1254,0.0627,0.0000,0.0000,0.0000,0.0000,0.0000,0.0000,0.0000,0.0000,0.0000,0.0000,0.0000,0.0000,0.0000,0.0000,0.0000,0.0000,9.6667,11.0000,15.6667,15.6667,5.00,3.190,25.68,79.17,2.809,9.678,16.490,589,0.00,1.00,1.00,0.00,1.00,1.00,453.00,99.00,17.00,0.00,0.00,0.00,7.648,0.000,3303.062,0.031,3303.000,3303.375,1648.688,1648.656,1706.438,1665.188,1162.312
2024-08-14T05:52:43Z,031,12,1,241,2,100.00,4.25,22.75,88.40,9.2537,0.7761,0.4776,0.0000,0.1791,0.0597,0.1194,0.0000,0.0000,0.0000,0.0000,0.0000,0.0000,0.0000,0.0000,0.0000,0.0000,0.0000,0.0000,0.0000,0.0000,0.0000,0.0000,0.0000,8.6667,0.0000,13.6667,0.0000,5.00,3.350,25.74,78.97,1.794,4.797,7.129,589,0.00,1.00,1.00,0.00,1.00,1.00,459.00,95.00,15.00,0.00,0.00,0.00,9.000,2.000,3303.000,0.062,3303.000,3303.375,1648.500,1648.844,1703.844,1663.688,1164.750
2024-08-14T05:52:48Z,031,12,1,241,3,100.00,4.25,22.74,88.39,8.4783,0.7065,0.3804,0.1630,0.1087,0.0543,0.0543,0.1087,0.0000,0.0000,0.0000,0.0000,0.0000,0.0000,0.0000,0.0000,0.0000,0.0000,0.0000,0.0000,0.0000,0.0000,0.0000,0.0000,7.3333,10.3333,15.6667,16.6667,5.00,3.680,25.78,78.83,1.695,5.224,12.229,589,1.00,1.00,1.00,1.00,1.00,1.00,399.00,86.00,9.00,0.00,0.00,0.00,7.650,0.000,3303.156,0.094,3303.156,3303.375,1648.312,1648.625,1701.750,1661.969,1163.812
2024-08-14T05:52:53Z,031,12,1,241,4,100.00,4.22,22.75,88.39,7.6630,0.4891,0.1630,0.0543,0.1087,0.1087,0.0543,0.0000,0.0000,0.0000,0.0000,0.0000,0.0000,0.0000,0.0000,0.0000,0.0000,0.0000,0.0000,0.0000,0.0000,0.0000,0.0000,0.0000,9.3333,14.3333,13.6667,0.0000,5.00,3.680,25.87,78.67,1.329,3.597,4.990,589,1.00,1.00,1.00,1.00,1.00,1.00,405.00,86.00,10.00,0.00,0.00,0.00,8.552,4.000,3303.188,0.062,3303.062,3303.406,1648.875,1649.062,1699.500,1659.562,1166.438
2024-08-14T05:52:58Z,031,12,1,241,5,100.00,4.27,22.76,88.42,10.1529,1.2232,0.3670,0.0612,0.0612,0.0612,0.0000,0.0000,0.0000,0.0000,0.0000,0.0000,0.0000,0.0000,0.0000,0.0000,0.0000,0.0000,0.0000,0.0000,0.0000,0.0000,0.0000,0.0000,11.6667,10.3333,12.6667,0.0000,5.00,3.270,25.87,78.51,1.873,2.912,3.188,589,1.00,2.00,2.00,1.00,2.00,2.00,480.00,109.00,11.00,0.00,0.00,0.00,5.399,355.000,3303.031,0.000,3303.000,3303.406,1648.688,1648.688,1697.875,1658.250,1162.312
2024-08-14T05:53:03Z,031,12,1,241,6,100.00,4.25,22.78,88.38,11.4286,1.4694,0.2449,0.0816,0.1633,0.4082,0.0816,0.0000,0.0816,0.0000,0.0000,0.0000,0.0000,0.0000,0.0000,0.0000,0.0000,0.0000,0.0000,0.0000,0.0000,0.0000,0.0000,0.0000,16.6667,11.3333,14.3333,0.0000,5.00,2.450,25.92,78.39,2.331,8.697,22.758,589,2.00,2.00,2.00,2.00,2.00,2.00,504.00,116.00,14.00,1.00,0.00,0.00,5.851,0.000,3303.062,0.094,3303.062,3303.375,1648.688,1649.062,1696.219,1657.188,1166.875
2024-08-14T05:53:08Z,031,12,1,241,7,100.00,4.26,22.78,88.32,11.6176,0.8088,0.5147,0.2206,0.3676,0.1471,0.0000,0.0000,0.0000,0.0000,0.0000,0.0000,0.0000,0.0000,0.0000,0.0000,0.0000,0.0000,0.0000,0.0000,0.0000,0.0000,0.0000,0.0000,7.6667,11.3333,11.6667,0.0000,5.00,2.720,25.95,78.21,2.490,5.838,6.633,589,1.00,2.00,2.00,1.00,2.00,2.00,480.00,120.00,22.00,1.00,0.00,0.00,6.300,355.000,3303.000,0.062,3303.000,3303.344,1648.688,1649.062,1694.250,1656.375,1163.344
2024-08-14T05:53:13Z,031,12,1,241,8,100.00,4.25,22.81,88.30,11.1785,1.7508,0.3367,0.1347,0.1347,0.1347,0.1347,0.1347,0.0000,0.0000,0.0000,0.0000,0.0000,0.0000,0.0000,0.0000,0.0000,0.0000,0.0000,0.0000,0.0000,0.0000,0.0000,0.0000,9.3333,29.6667,13.3333,14.0000,5.00,2.970,25.99,78.08,2.321,8.037,18.096,589,1.00,3.00,3.00,1.00,3.00,3.00,606.00,152.00,29.00,1.00,0.00,0.00,3.600,349.000,3303.000,0.094,3303.000,3303.375,1648.688,1649.156,1693.125,1655.281,1190.438
2024-08-14T05:53:18Z,031,12,1,241,9,100.00,4.25,22.81,88.27,8.9562,0.2694,0.1347,0.1347,0.0673,0.1347,0.0673,0.0000,0.0000,0.0000,0.0000,0.0000,0.0000,0.0000,0.0000,0.0000,0.0000,0.0000,0.0000,0.0000,0.0000,0.0000,0.0000,0.0000,10.6667,10.6667,43.6667,0.0000,5.00,2.970,26.05,77.94,1.451,4.057,5.749,590,2.00,4.00,4.00,2.00,4.00,4.00,705.00,185.00,46.00,1.00,0.00,0.00,6.299,2.000,3303.000,0.000,3303.000,3303.375,1648.875,1648.688,1692.188,1654.875,1163.062
2024-08-14T05:53:23Z,031,12,1,241,10,100.00,4.27,22.81,88.24,6.6443,0.8054,0.1342,0.0671,0.2013,0.1342,0.0671,0.0000,0.0000,0.0000,0.0000,0.0000,0.0000,0.0000,0.0000,0.0000,0.0000,0.0000,0.0000,0.0000,0.0000,0.0000,0.0000,0.0000,10.3333,9.6667,14.3333,0.0000,5.00,2.980,26.05,77.77,1.395,4.454,6.213,589,2.00,4.00,4.00,2.00,4.00,4.00,669.00,168.00,41.00,1.00,0.00,0.00,6.301,356.000,3303.000,0.156,3303.000,3303.312,1649.062,1648.562,1691.250,1654.500,1169.500
2024-08-14T05:53:28Z,031,12,1,241,11,100.00,4.25,22.81,88.26,9.3836,0.5479,0.2740,0.0000,0.0000,0.2055,0.0000,0.0000,0.0685,0.0000,0.0000,0.0000,0.0000,0.0000,0.0000,0.0000,0.0000,0.0000,0.0000,0.0000,0.0000,0.0000,0.0000,0.0000,11.3333,0.0000,16.6667,0.0000,5.00,2.920,26.12,77.65,1.508,4.088,14.131,588,1.00,3.00,3.00,1.00,3.00,3.00,582.00,145.00,38.00,0.00,0.00,0.00,6.750,0.000,3303.000,0.031,3303.000,3303.375,1649.062,1648.906,1689.750,1653.375,1168.875
2024-08-14T05:53:33Z,031,12,1,241,12,100.00,4.24,22.79,88.24,11.1565,0.4082,0.2721,0.0680,0.0000,0.1361,0.0000,0.0000,0.0000,0.0000,0.0000,0.0000,0.0000,0.0000,0.0000,0.0000,0.0000,0.0000,0.0000,0.0000,0.0000,0.0000,0.0000,0.0000,10.0000,9.3333,11.3333,0.0000,5.00,2.940,26.13,77.50,1.692,3.096,3.623,588,2.00,4.00,4.00,2.00,4.00,4.00,582.00,143.00,36.00,1.00,0.00,0.00,5.850,5.000,3303.000,0.031,3303.000,3303.375,1648.875,1648.688,1688.719,1653.000,1166.250
2024-08-14T05:53:38Z,031,12,1,241,1,100.00,4.27,22.79,88.21,8.1905,0.6349,0.2540,0.0635,0.0635,0.1270,0.0000,0.0000,0.0000,0.0000,0.0000,0.0000,0.0000,0.0000,0.0000,0.0000,0.0000,0.0000,0.0000,0.0000,0.0000,0.0000,0.0000,0.0000,8.0000,16.6667,13.3333,0.0000,5.00,3.150,26.17,77.34,1.455,3.032,3.561,589,2.00,3.00,3.00,2.00,3.00,3.00,513.00,119.00,31.00,1.00,0.00,0.00,7.199,2.000,3303.000,0.156,3303.000,3303.375,1648.688,1648.500,1687.656,1652.438,1162.281
2024-08-14T05:53:43Z,031,12,1,241,2,100.00,4.25,22.81,88.16,9.2163,0.5643,0.1254,0.1254,0.1881,0.1254,0.0000,0.0000,0.0000,0.0000,0.0000,0.0000,0.0000,0.0000,0.0000,0.0000,0.0000,0.0000,0.0000,0.0000,0.0000,0.0000,0.0000,0.0000,9.6667,9.0000,15.0000,0.0000,5.00,3.190,26.22,77.25,1.634,3.770,4.370,589,0.00,2.00,2.00,0.00,2.00,2.00,465.00,111.00,22.00,1.00,0.00,0.00,7.650,2.000,3303.000,0.062,3303.000,3303.375,1648.250,1648.125,1686.938,1651.875,1171.875
2024-08-14T05:53:48Z,031,12,1,241,3,100.00,4.26,22.84,88.14,11.9527,0.8876,0.2367,0.1775,0.1775,0.0000,0.0000,0.0000,0.0000,0.0000,0.0000,0.0000,0.0000,0.0000,0.0000,0.0000,0.0000,0.0000,0.0000,0.0000,0.0000,0.0000,0.0000,0.0000,8.6667,15.0000,0.0000,0.0000,5.00,3.380,26.27,77.07,2.074,3.197,3.314,588,1.00,3.00,3.00,1.00,3.00,3.00,489.00,118.00,26.00,1.00,0.00,0.00,7.650,1.000,3303.000,0.000,3303.000,3303.375,1648.500,1647.938,1686.000,1651.500,1164.438
2024-08-14T05:53:53Z,031,12,1,241,4,100.00,4.25,22.84,88.18,10.1433,0.2292,0.1719,0.1719,0.0000,0.0000,0.0573,0.0000,0.0000,0.0000,0.0000,0.0000,0.0000,0.0000,0.0000,0.0000,0.0000,0.0000,0.0000,0.0000,0.0000,0.0000,0.0000,0.0000,7.3333,9.0000,0.0000,0.0000,5.00,3.490,26.29,76.93,1.494,2.583,3.554,589,2.00,4.00,4.00,2.00,4.00,4.00,606.00,155.00,34.00,1.00,0.00,0.00,10.352,1.000,3303.000,0.031,3303.000,3303.375,1649.062,1648.156,1685.375,1650.938,1168.844
2024-08-14T05:53:58Z,031,12,1,241,5,100.00,4.24,22.84,88.21,12.1714,0.2857,0.1143,0.0571,0.2857,0.1143,0.0000,0.0000,0.0000,0.0000,0.0000,0.0000,0.0000,0.0000,0.0000,0.0000,0.0000,0.0000,0.0000,0.0000,0.0000,0.0000,0.0000,0.0000,9.3333,15.3333,21.6667,0.0000,5.00,3.500,26.32,76.83,1.900,4.232,4.841,589,1.00,3.00,3.00,1.00,3.00,3.00,639.00,162.00,34.00,0.00,0.00,0.00,7.199,300.000,3303.000,0.031,3303.000,3303.375,1648.688,1647.938,1684.219,1650.188,1166.438
2024-08-14T05:54:03Z,031,12,1,241,6,100.00,4.24,22.87,88.24,15.2318,0.7285,0.2649,0.0662,0.1987,0.0000,0.0000,0.0000,0.0000,0.0000,0.0000,0.0000,0.0000,0.0000,0.0000,0.0000,0.0000,0.0000,0.0000,0.0000,0.0000,0.0000,0.0000,0.0000,14.3333,13.3333,0.0000,0.0000,5.00,3.020,26.33,76.70,2.333,3.381,3.502,589,1.00,3.00,3.00,1.00,3.00,3.00,576.00,158.00,35.00,1.00,0.00,0.00,7.653,4.000,3303.094,0.000,3303.000,3303.375,1648.500,1647.938,1683.375,1649.969,1168.656
2024-08-14T05:54:08Z,031,12,1,241,7,100.00,4.24,22.87,88.19,18.7097,0.9677,0.3226,0.1290,0.1290,0.0645,0.0645,0.0645,0.0000,0.0000,0.0000,0.0000,0.0000,0.0000,0.0000,0.0000,0.0000,0.0000,0.0000,0.0000,0.0000,0.0000,0.0000,0.0000,9.6667,10.0000,49.0000,12.6667,5.00,3.100,26.39,76.60,2.878,6.055,10.917,588,3.00,5.00,5.00,3.00,5.00,5.00,789.00,201.00,42.00,1.00,0.00,0.00,5.851,2.000,3303.000,0.031,3303.000,3303.375,1649.062,1648.125,1682.812,1649.812,1167.062
2024-08-14T05:54:13Z,031,12,1,241,8,100.00,4.24,22.85,88.14,14.2138,0.5660,0.4403,0.1258,0.3145,0.0629,0.0000,0.0000,0.0000,0.0000,0.0000,0.0000,0.0000,0.0000,0.0000,0.0000,0.0000,0.0000,0.0000,0.0000,0.0000,0.0000,0.0000,0.0000,9.3333,11.0000,11.0000,0.0000,5.00,3.180,26.43,76.47,2.483,4.702,5.137,588,3.00,5.00,5.00,3.00,5.00,5.00,945.00,251.00,51.00,1.00,0.00,0.00,6.750,2.000,3303.000,0.094,3303.000,3303.375,1648.875,1648.312,1682.062,1649.812,1179.188
2024-08-14T05:54:18Z,031,12,1,241,9,100.00,4.23,22.87,88.11,8.4337,0.3614,0.4217,0.0000,0.0602,0.0602,0.0000,0.0000,0.0000,0.0000,0.0000,0.0000,0.0000,0.0000,0.0000,0.0000,0.0000,0.0000,0.0000,0.0000,0.0000,0.0000,0.0000,0.0000,7.6667,0.0000,15.3333,0.0000,5.00,3.320,26.44,76.36,1.417,2.344,2.611,588,4.00,6.00,6.00,4.00,6.00,6.00,1050.00,277.00,51.00,1.00,0.00,0.00,7.645,2.000,3303.000,0.094,3303.031,3303.531,1648.688,1648.125,1681.500,1649.438,1170.344
2024-08-14T05:54:23Z,031,12,1,241,10,100.00,4.25,22.87,88.05,7.5000,0.4878,0.0610,0.0610,0.1220,0.0000,0.0000,0.0000,0.0000,0.0000,0.0000,0.0000,0.0000,0.0000,0.0000,0.0000,0.0000,0.0000,0.0000,0.0000,0.0000,0.0000,0.0000,0.0000,10.3333,9.3333,0.0000,0.0000,5.00,3.280,26.46,76.26,1.187,1.828,1.904,588,6.00,8.00,8.00,6.00,8.00,8.00,1122.00,297.00,54.00,2.00,0.00,0.00,9.902,0.000,3303.000,0.094,3303.000,3303.375,1649.250,1648.688,1680.750,1649.438,1167.000
2024-08-14T05:54:28Z,031,12,1,241,11,100.00,4.25,22.85,88.06,9.4737,0.8669,0.1238,0.1858,0.2477,0.2477,0.0619,0.0000,0.0000,0.0000,0.0000,0.0000,0.0000,0.0000,0.0000,0.0000,0.0000,0.0000,0.0000,0.0000,0.0000,0.0000,0.0000,0.0000,10.3333,14.6667,12.6667,0.0000,5.00,3.230,26.50,76.12,1.940,6.301,8.443,588,6.00,8.00,8.00,6.00,8.00,8.00,1200.00,320.00,60.00,2.00,0.00,0.00,8.550,357.000,3303.000,0.000,3302.969,3303.375,1648.906,1648.688,1680.031,1649.250,1169.438
2024-08-14T05:54:33Z,031,12,1,241,12,100.00,4.24,22.89,88.08,8.6709,0.8228,0.2532,0.1899,0.3165,0.1899,0.0000,0.0000,0.0000,0.0000,0.0000,0.0000,0.0000,0.0000,0.0000,0.0000,0.0000,0.0000,0.0000,0.0000,0.0000,0.0000,0.0000,0.0000,10.6667,11.6667,15.0000,0.0000,5.00,3.160,26.56,76.01,1.940,5.317,6.243,589,6.00,8.00,8.00,6.00,8.00,8.00,1131.00,307.00,51.00,1.00,0.00,0.00,9.900,1.000,3303.000,0.062,3303.031,3303.375,1648.531,1648.312,1679.750,1648.688,1168.562
2024-08-14T05:54:38Z,031,12,1,241,1,100.00,4.24,22.88,88.05,9.0647,0.9934,0.3725,0.0000,0.0621,0.0000,0.0000,0.0000,0.0000,0.0000,0.0000,0.0000,0.0000,0.0000,0.0000,0.0000,0.0000,0.0000,0.0000,0.0000,0.0000,0.0000,0.0000,0.0000,9.6667,0.0000,0.0000,0.0000,5.00,3.220,26.58,75.92,1.599,2.008,2.045,589,5.00,6.00,6.00,5.00,6.00,6.00,924.00,249.00,43.00,1.00,0.00,0.00,7.644,0.000,3303.000,0.000,2180.188,3303.375,1648.875,1648.688,1679.250,1648.688,1172.594
2024-08-14T05:54:43Z,031,12,1,241,2,100.00,4.24,22.92,88.04,15.7260,1.1507,0.2192,0.0548,0.0548,0.0548,0.0000,0.0548,0.0000,0.0000,0.0000,0.0000,0.0000,0.0000,0.0000,0.0000,0.0000,0.0000,0.0000,0.0000,0.0000,0.0000,0.0000,0.0000,7.6667,8.6667,21.0000,18.6667,5.00,3.650,26.60,75.81,2.369,4.029,7.206,589,4.00,6.00,6.00,4.00,6.00,6.00,831.00,225.00,39.00,2.00,0.00,0.00,5.852,0.000,3303.094,0.031,1390.781,3303.438,1648.344,1648.312,1678.469,1648.500,1169.438
2024-08-14T05:54:48Z,031,12,1,241,3,100.00,4.24,22.88,88.00,8.8947,1.0526,0.2105,0.1579,0.0526,0.1053,0.1579,0.0000,0.0000,0.0000,0.0000,0.0000,0.0000,0.0000,0.0000,0.0000,0.0000,0.0000,0.0000,0.0000,0.0000,0.0000,0.0000,0.0000,8.6667,11.6667,15.0000,0.0000,5.00,3.800,26.63,75.70,1.724,5.272,8.359,589,4.00,5.00,6.00,4.00,5.00,6.00,831.00,219.00,37.00,1.00,0.00,0.00,7.647,0.000,3303.062,0.125,1153.594,3303.562,1648.312,1648.500,1678.000,1648.312,1173.375
2024-08-14T05:54:53Z,031,12,1,241,4,100.00,4.24,22.92,87.95,6.6158,0.6616,0.0509,0.0509,0.0000,0.1527,0.0000,0.0000,0.0000,0.0000,0.0000,0.0000,0.0000,0.0000,0.0000,0.0000,0.0000,0.0000,0.0000,0.0000,0.0000,0.0000,0.0000,0.0000,8.3333,11.6667,12.3333,0.0000,5.00,3.930,26.66,75.60,1.098,2.551,3.140,589,3.00,5.00,5.00,3.00,5.00,5.00,765.00,202.00,31.00,1.00,0.00,0.00,8.102,0.000,3303.094,0.062,1063.219,3303.500,1648.688,1648.531,1677.375,1648.125,1167.000
2024-08-14T05:54:58Z,031,12,1,241,5,100.00,4.24,22.95,87.94,5.9804,0.3922,0.1471,0.0490,0.0490,0.0000,0.0000,0.0000,0.0000,0.0000,0.0000,0.0000,0.0000,0.0000,0.0000,0.0000,0.0000,0.0000,0.0000,0.0000,0.0000,0.0000,0.0000,0.0000,7.6667,16.0000,0.0000,0.0000,5.00,4.080,26.68,75.52,0.969,1.312,1.345,590,4.00,5.00,5.00,4.00,5.00,5.00,813.00,215.00,36.00,1.00,0.00,0.00,7.199,1.000,3303.094,0.031,1020.938,3303.438,1648.688,1648.688,1676.688,1647.750,1172.625
2024-08-14T05:55:03Z,031,12,1,241,6,100.00,4.23,22.91,87.90,5.9948,0.6202,0.1550,0.0517,0.2067,0.0000,0.0000,0.0000,0.0000,0.0000,0.0000,0.0000,0.0000,0.0000,0.0000,0.0000,0.0000,0.0000,0.0000,0.0000,0.0000,0.0000,0.0000,0.0000,10.3333,10.3333,0.0000,0.0000,5.00,3.870,26.68,75.40,1.182,2.191,2.316,589,4.00,5.00,5.00,4.00,5.00,5.00,834.00,223.00,33.00,1.00,0.00,0.00,8.102,4.000,3303.031,0.125,995.688,3303.406,1648.688,1648.500,1676.250,1647.188,1169.250
2024-08-14T05:55:08Z,031,12,1,241,7,100.00,4.24,22.94,87.91,8.5347,0.4627,0.1028,0.0514,0.1028,0.0000,0.0000,0.0514,0.0000,0.0000,0.0000,0.0000,0.0000,0.0000,0.0000,0.0000,0.0000,0.0000,0.0000,0.0000,0.0000,0.0000,0.0000,0.0000,9.0000,10.3333,0.0000,15.0000,5.00,3.890,26.75,75.30,1.298,2.566,5.379,589,3.00,4.00,4.00,3.00,4.00,4.00,849.00,224.00,31.00,0.00,0.00,0.00,3.600,0.000,3303.000,0.062,978.688,3303.375,1648.875,1648.531,1676.250,1647.938,1172.594
2024-08-14T05:55:13Z,031,12,1,241,8,100.00,4.22,22.92,87.86,7.5332,0.6366,0.3714,0.1061,0.2122,0.0531,0.1592,0.0000,0.0000,0.0000,0.0000,0.0000,0.0000,0.0000,0.0000,0.0000,0.0000,0.0000,0.0000,0.0000,0.0000,0.0000,0.0000,0.0000,10.0000,10.6667,14.3333,0.0000,5.00,3.770,26.77,75.18,1.624,5.353,8.351,588,3.00,4.00,4.00,3.00,4.00,4.00,822.00,220.00,27.00,0.00,0.00,0.00,4.949,4.000,3303.000,0.188,965.000,3303.375,1648.656,1648.656,1675.562,1647.688,1168.688
2024-08-14T05:55:18Z,031,12,1,241,9,100.00,4.24,22.95,87.84,7.0213,0.3191,0.1064,0.0532,0.2660,0.0000,0.1064,0.0532,0.0000,0.0000,0.0000,0.0000,0.0000,0.0000,0.0000,0.0000,0.0000,0.0000,0.0000,0.0000,0.0000,0.0000,0.0000,0.0000,9.3333,11.6667,0.0000,2.0000,5.00,3.760,26.81,75.12,1.261,4.618,9.400,588,4.00,5.00,5.00,4.00,5.00,5.00,891.00,231.00,26.00,0.00,0.00,0.00,6.750,3.000,3303.062,0.094,955.188,3303.375,1648.500,1648.312,1675.344,1647.625,1173.375
2024-08-14T05:55:23Z,031,12,1,241,10,100.00,4.24,22.94,87.75,9.3261,0.7008,0.3235,0.0539,0.0539,0.0000,0.0000,0.0000,0.0000,0.0000,0.0000,0.0000,0.0000,0.0000,0.0000,0.0000,0.0000,0.0000,0.0000,0.0000,0.0000,0.0000,0.0000,0.0000,9.6667,9.0000,0.0000,0.0000,5.00,3.710,26.81,74.98,1.558,1.995,2.031,588,3.00,5.00,5.00,3.00,5.00,5.00,960.00,242.00,29.00,0.00,0.00,0.00,4.950,0.000,3303.031,0.062,946.125,3303.500,1648.500,1648.312,1675.125,1647.562,1168.094
2024-08-14T05:55:28Z,031,12,1,241,11,100.00,4.24,22.94,87.72,8.4384,0.3836,0.3288,0.0548,0.0548,0.1644,0.0000,0.0000,0.0000,0.0000,0.0000,0.0000,0.0000,0.0000,0.0000,0.0000,0.0000,0.0000,0.0000,0.0000,0.0000,0.0000,0.0000,0.0000,10.0000,14.3333,13.0000,0.0000,5.00,3.650,26.84,74.94,1.468,3.340,4.006,588,5.00,6.00,6.00,5.00,6.00,6.00,984.00,242.00,25.00,0.00,0.00,0.00,6.301,0.000,3303.000,0.094,936.031,3303.375,1648.500,1648.312,1674.938,1647.562,1174.312
2024-08-14T05:55:33Z,031,12,1,241,12,100.00,4.22,22.95,87.75,7.3373,0.8284,0.1775,0.1183,0.1183,0.0592,0.0000,0.0000,0.0000,0.0000,0.0000,0.0000,0.0000,0.0000,0.0000,0.0000,0.0000,0.0000,0.0000,0.0000,0.0000,0.0000,0.0000,0.0000,11.3333,19.0000,19.6667,0.0000,5.00,3.380,26.87,74.81,1.424,2.700,3.005,589,3.00,4.00,4.00,3.00,4.00,4.00,852.00,207.00,20.00,0.00,0.00,0.00,6.300,356.000,3303.031,0.000,929.000,3303.375,1648.500,1648.469,1674.375,1647.188,1166.812
2024-08-14T05:55:38Z,031,12,1,241,1,100.00,4.22,22.95,87.66,8.3030,0.6061,0.1212,0.1212,0.2424,0.0000,0.0000,0.0606,0.0000,0.0000,0.0000,0.0000,0.0000,0.0000,0.0000,0.0000,0.0000,0.0000,0.0000,0.0000,0.0000,0.0000,0.0000,0.0000,10.6667,17.3333,0.0000,15.6667,5.00,3.300,26.88,74.73,1.513,3.603,6.994,589,3.00,4.00,4.00,3.00,4.00,4.00,816.00,193.00,20.00,0.00,0.00,0.00,5.399,2.000,3303.000,0.062,919.875,3303.375,1648.688,1648.688,1674.219,1646.875,1172.594
2024-08-14T05:55:43Z,031,12,1,241,2,100.00,4.23,22.94,87.66,10.1220,1.1585,0.1829,0.2439,0.3049,0.1220,0.1829,0.0000,0.0000,0.0000,0.0000,0.0000,0.0000,0.0000,0.0000,0.0000,0.0000,0.0000,0.0000,0.0000,0.0000,0.0000,0.0000,0.0000,10.0000,13.6667,12.0000,0.0000,5.00,3.280,26.93,74.65,2.193,7.390,11.113,589,4.00,5.00,5.00,4.00,5.00,5.00,927.00,224.00,29.00,0.00,0.00,0.00,5.850,11.000,3303.031,0.062,917.469,3303.375,1648.688,1648.500,1674.000,1647.188,1167.000
2024-08-14T05:55:48Z,031,12,1,241,3,100.00,4.23,22.96,87.63,10.4142,1.1243,0.4142,0.0592,0.3550,0.4142,0.2367,0.1183,0.0000,0.0000,0.0000,0.0000,0.0000,0.0000,0.0000,0.0000,0.0000,0.0000,0.0000,0.0000,0.0000,0.0000,0.0000,0.0000,9.3333,11.6667,13.6667,27.3333,5.00,3.380,26.95,74.55,2.420,12.491,24.577,589,4.00,6.00,6.00,4.00,6.00,6.00,954.00,245.00,36.00,0.00,0.00,0.00,4.500,0.000,3303.000,0.125,910.344,3303.469,1648.688,1648.500,1673.250,1647.094,1174.125
2024-08-14T05:55:53Z,031,12,1,241,4,100.00,4.21,22.99,87.59,13.9130,2.1014,0.5797,0.4348,0.2174,0.2899,0.2899,0.0000,0.0000,0.0000,0.0000,0.0000,0.0000,0.0000,0.0000,0.0000,0.0000,0.0000,0.0000,0.0000,0.0000,0.0000,0.0000,0.0000,13.0000,20.0000,13.3333,0.0000,5.00,2.760,26.99,74.46,3.364,11.509,17.627,589,3.00,5.00,5.00,3.00,5.00,5.00,774.00,203.00,34.00,1.00,0.00,0.00,4.501,0.000,3303.000,0.094,905.281,3303.375,1648.688,1648.312,1672.688,1647.156,1169.438
2024-08-14T05:55:58Z,031,12,1,241,5,100.00,4.23,22.98,87.57,13.7884,1.6382,0.5461,0.1365,0.3413,0.2048,0.1365,0.1365,0.0683,0.0000,0.0000,0.0000,0.0000,0.0000,0.0000,0.0000,0.0000,0.0000,0.0000,0.0000,0.0000,0.0000,0.0000,0.0000,9.6667,10.3333,15.6667,15.3333,5.00,2.930,27.02,74.38,2.948,10.923,30.724,589,5.00,7.00,7.00,5.00,7.00,7.00,1032.00,277.00,46.00,2.00,0.00,0.00,7.199,6.000,3303.000,0.094,898.688,3303.375,1648.500,1648.312,1672.312,1647.000,1174.312
2024-08-14T05:56:03Z,031,12,1,241,6,100.00,4.22,22.99,87.54,11.8182,1.4685,0.4895,0.1399,0.1399,0.2797,0.0699,0.1399,0.0000,0.0000,0.0000,0.0000,0.0000,0.0000,0.0000,0.0000,0.0000,0.0000,0.0000,0.0000,0.0000,0.0000,0.0000,0.0000,11.0000,12.6667,15.0000,8.0000,5.00,2.860,27.02,74.25,2.493,8.773,18.585,589,5.00,8.00,8.00,5.00,8.00,8.00,1041.00,287.00,48.00,3.00,0.00,0.00,8.102,0.000,3303.000,0.094,1315.438,2608.312,1648.688,1648.406,1672.125,1647.562,1172.250
2024-08-14T05:56:08Z,031,12,1,241,7,100.00,4.22,22.98,87.57,11.6892,1.6216,0.6081,0.1351,0.2703,0.2027,0.0676,0.0000,0.0676,0.0000,0.0000,0.0000,0.0000,0.0000,0.0000,0.0000,0.0000,0.0000,0.0000,0.0000,0.0000,0.0000,0.0000,0.0000,10.0000,10.6667,28.0000,0.0000,5.00,2.960,27.06,74.17,2.666,7.558,18.764,589,5.00,7.00,7.00,5.00,7.00,7.00,942.00,260.00,46.00,4.00,0.00,0.00,8.100,17.000,3303.000,0.062,776.250,1381.875,1648.562,1648.125,1671.750,1647.188,1172.531
2024-08-14T05:56:13Z,031,12,1,241,8,100.00,4.21,22.98,87.56,10.8553,1.7105,0.3947,0.3289,0.3947,0.1316,0.0658,0.0000,0.0000,0.0000,0.0000,0.0000,0.0000,0.0000,0.0000,0.0000,0.0000,0.0000,0.0000,0.0000,0.0000,0.0000,0.0000,0.0000,10.0000,10.6667,11.6667,0.0000,5.00,3.040,27.09,74.07,2.706,7.042,8.901,590,4.00,7.00,7.00,4.00,7.00,7.00,930.00,248.00,47.00,4.00,0.00,0.00,5.850,14.000,3303.000,0.031,854.938,1243.906,1648.688,1648.188,1671.750,1646.625,1173.562
2024-08-14T05:56:18Z,031,12,1,241,9,100.00,4.22,23.02,87.54,8.1388,1.0726,0.0631,0.1262,0.0631,0.0631,0.1262,0.0000,0.0000,0.0000,0.0000,0.0000,0.0000,0.0000,0.0000,0.0000,0.0000,0.0000,0.0000,0.0000,0.0000,0.0000,0.0000,0.0000,9.3333,13.0000,14.6667,0.0000,5.00,3.170,27.09,73.97,1.496,4.209,6.607,589,3.00,5.00,5.00,3.00,5.00,5.00,885.00,244.00,45.00,3.00,0.00,0.00,8.548,3.000,3303.000,0.000,873.938,1183.062,1648.500,1648.281,1671.656,1646.531,1173.375
2024-08-14T05:56:23Z,031,12,1,241,10,100.00,4.22,23.02,87.49,8.4457,0.5279,0.0587,0.1173,0.2346,0.0000,0.0000,0.0000,0.0587,0.0000,0.0000,0.0000,0.0000,0.0000,0.0000,0.0000,0.0000,0.0000,0.0000,0.0000,0.0000,0.0000,0.0000,0.0000,7.3333,11.0000,0.0000,0.0000,5.00,3.410,27.12,73.90,1.456,3.230,11.301,589,2.00,4.00,4.00,2.00,4.00,4.00,726.00,200.00,39.00,2.00,0.00,0.00,6.301,13.000,3303.000,0.125,877.406,1145.875,1648.500,1648.500,1671.375,1646.812,1175.031
2024-08-14T05:56:28Z,031,12,1,241,11,100.00,4.22,23.05,87.47,8.5173,1.1356,0.3785,0.2524,0.0631,0.0631,0.0631,0.0000,0.0000,0.0000,0.0000,0.0000,0.0000,0.0000,0.0000,0.0000,0.0000,0.0000,0.0000,0.0000,0.0000,0.0000,0.0000,0.0000,11.3333,10.3333,19.3333,0.0000,5.00,3.170,27.16,73.81,1.867,4.052,5.405,590,2.00,3.00,3.00,2.00,3.00,3.00,552.00,151.00,32.00,1.00,0.00,0.00,7.648,0.000,3303.000,0.094,875.094,1119.625,1648.344,1648.688,1671.000,1647.000,1169.438
2024-08-14T05:56:33Z,031,12,1,241,12,100.00,4.24,23.03,87.43,7.5224,0.8358,0.1194,0.0000,0.0597,0.0597,0.0000,0.0597,0.0000,0.0000,0.0000,0.0000,0.0000,0.0000,0.0000,0.0000,0.0000,0.0000,0.0000,0.0000,0.0000,0.0000,0.0000,0.0000,8.6667,0.0000,11.6667,16.0000,5.00,3.350,27.16,73.75,1.246,2.903,6.359,589,2.00,3.00,3.00,2.00,3.00,3.00,552.00,145.00,25.00,0.00,0.00,0.00,7.200,355.000,3303.000,0.031,871.938,1099.312,1648.500,1648.875,1671.000,1647.188,1172.344
2024-08-14T05:56:38Z,031,12,1,241,1,100.00,4.23,23.06,87.41,8.2883,0.4204,0.0000,0.1802,0.1201,0.0000,0.0000,0.0000,0.0601,0.0000,0.0000,0.0000,0.0000,0.0000,0.0000,0.0000,0.0000,0.0000,0.0000,0.0000,0.0000,0.0000,0.0000,0.0000,10.0000,10.6667,0.0000,0.0000,5.00,3.330,27.21,73.63,1.326,2.717,10.915,589,2.00,2.00,2.00,2.00,2.00,2.00,465.00,120.00,19.00,0.00,0.00,0.00,7.200,2.000,3303.000,0.094,869.719,1083.281,1648.500,1648.875,1670.812,1646.812,1170.438
2024-08-14T05:56:43Z,031,12,1,241,2,100.00,4.22,23.05,87.36,7.3981,0.8777,0.3135,0.1881,0.1881,0.3135,0.0627,0.0000,0.1881,0.0000,0.0000,0.0000,0.0000,0.0000,0.0000,0.0000,0.0000,0.0000,0.0000,0.0000,0.0000,0.0000,0.0000,0.0000,11.0000,34.3333,14.0000,0.0000,5.00,3.190,27.22,73.55,1.820,8.428,36.217,589,1.00,1.00,1.00,1.00,1.00,1.00,477.00,122.00,17.00,0.00,0.00,0.00,4.950,0.000,3303.000,0.156,865.875,1068.000,1648.312,1648.688,1670.438,1646.812,1171.875
2024-08-14T05:56:48Z,031,12,1,241,3,100.00,4.22,23.05,87.36,10.9265,0.7668,0.0000,0.0639,0.0639,0.3195,0.2556,0.0639,0.0000,0.0000,0.0000,0.0000,0.0000,0.0000,0.0000,0.0000,0.0000,0.0000,0.0000,0.0000,0.0000,0.0000,0.0000,0.0000,10.6667,9.3333,11.6667,15.0000,5.00,3.130,27.22,73.48,1.802,9.208,18.166,589,1.00,1.00,1.00,1.00,1.00,1.00,471.00,122.00,11.00,0.00,0.00,0.00,4.500,3.000,3303.000,0.000,865.000,1057.031,1648.500,1648.375,1669.875,1646.438,1169.250
2024-08-14T05:56:53Z,031,12,1,241,4,100.00,4.22,23.05,87.34,9.2698,1.0794,0.3175,0.1270,0.2540,0.0635,0.1270,0.0635,0.0000,0.0000,0.0000,0.0000,0.0000,0.0000,0.0000,0.0000,0.0000,0.0000,0.0000,0.0000,0.0000,0.0000,0.0000,0.0000,10.0000,10.3333,11.3333,13.6667,5.00,3.150,27.26,73.42,1.963,6.437,12.357,588,2.00,3.00,3.00,2.00,3.00,3.00,591.00,147.00,19.00,0.00,0.00,0.00,5.401,0.000,3303.000,0.062,860.906,1044.094,1648.875,1648.500,1669.875,1646.812,1175.031
2024-08-14T05:56:58Z,031,12,1,241,5,100.00,4.23,23.06,87.27,8.7462,1.1621,0.4893,0.0000,0.0000,0.1223,0.0000,0.0000,0.0000,0.0000,0.0000,0.0000,0.0000,0.0000,0.0000,0.0000,0.0000,0.0000,0.0000,0.0000,0.0000,0.0000,0.0000,0.0000,9.3333,0.0000,14.3333,0.0000,5.00,3.270,27.28,73.36,1.701,2.961,3.431,588,2.00,4.00,4.00,2.00,4.00,4.00,654.00,160.00,23.00,1.00,0.00,0.00,4.049,0.000,3303.000,0.000,860.688,1035.188,1648.875,1648.500,1670.062,1647.125,1171.125
2024-08-14T05:57:03Z,031,12,1,241,6,100.00,4.21,23.07,87.28,9.6755,0.7670,0.4720,0.0590,0.2360,0.2950,0.1770,0.0590,0.0000,0.0000,0.0000,0.0000,0.0000,0.0000,0.0000,0.0000,0.0000,0.0000,0.0000,0.0000,0.0000,0.0000,0.0000,0.0000,9.0000,11.0000,11.6667,13.3333,5.00,3.390,27.30,73.28,2.088,9.037,16.425,588,3.00,5.00,5.00,3.00,5.00,5.00,774.00,196.00,36.00,1.00,0.00,0.00,2.250,2.000,3303.000,0.125,858.625,1026.875,1648.875,1648.688,1669.438,1646.625,1177.125
2024-08-14T05:57:08Z,031,12,1,241,7,100.00,4.23,23.07,87.22,8.6000,1.2667,0.2000,0.0667,0.2000,0.2000,0.0000,0.0000,0.0667,0.0000,0.0000,0.0000,0.0000,0.0000,0.0000,0.0000,0.0000,0.0000,0.0000,0.0000,0.0000,0.0000,0.0000,0.0000,12.3333,9.6667,12.3333,0.0000,5.00,3.000,27.30,73.15,1.807,5.247,15.144,588,4.00,5.00,5.00,4.00,5.00,5.00,867.00,206.00,32.00,2.00,0.00,0.00,6.299,356.000,3303.000,0.000,855.438,1017.656,1648.688,1648.500,1669.312,1646.625,1142.125
2024-08-14T05:57:13Z,031,12,1,241,8,100.00,4.21,23.07,87.24,9.2857,1.3492,0.1587,0.0000,0.0794,0.1587,0.0794,0.0000,0.0794,0.0000,0.0000,0.0000,0.0000,0.0000,0.0000,0.0000,0.0000,0.0000,0.0000,0.0000,0.0000,0.0000,0.0000,0.0000,14.6667,0.0000,12.0000,0.0000,5.00,2.520,27.33,73.11,1.706,5.332,18.039,588,3.00,5.00,5.00,3.00,5.00,5.00,765.00,181.00,36.00,2.00,0.00,0.00,7.201,0.000,3303.000,0.031,852.031,1010.438,1648.875,1648.531,1669.312,1646.969,1176.750
2024-08-14T05:57:18Z,031,12,1,241,9,100.00,4.22,23.07,87.23,9.0347,0.6178,0.3089,0.0772,0.2317,0.1544,0.0000,0.0000,0.0000,0.0000,0.0000,0.0000,0.0000,0.0000,0.0000,0.0000,0.0000,0.0000,0.0000,0.0000,0.0000,0.0000,0.0000,0.0000,10.0000,9.6667,11.3333,0.0000,5.00,2.590,27.35,73.05,1.760,4.313,5.046,588,3.00,4.00,4.00,3.00,4.00,4.00,660.00,162.00,31.00,2.00,0.00,0.00,5.399,2.000,3303.000,0.156,849.281,1001.531,1648.875,1649.062,1668.938,1647.000,1169.250
2024-08-14T05:57:23Z,031,12,1,241,10,100.00,4.22,23.10,87.24,21.9333,3.0000,1.3333,0.4000,0.3333,0.4000,0.2667,0.0000,0.0667,0.0000,0.0000,0.0000,0.0000,0.0000,0.0000,0.0000,0.0000,0.0000,0.0000,0.0000,0.0000,0.0000,0.0000,0.0000,9.3333,15.3333,14.6667,0.0000,5.00,3.000,27.38,72.99,5.142,15.295,30.523,588,2.00,4.00,4.00,2.00,4.00,4.00,624.00,151.00,28.00,1.00,0.00,0.00,9.452,2.000,3303.000,0.031,850.688,997.875,1648.875,1648.875,1668.406,1646.844,1173.531
2024-08-14T05:57:28Z,031,12,1,241,11,100.00,4.22,23.07,87.28,28.4472,4.4099,1.5528,0.4348,0.9317,0.6832,0.3106,0.0621,0.0000,0.0000,0.0000,0.0000,0.0000,0.0000,0.0000,0.0000,0.0000,0.0000,0.0000,0.0000,0.0000,0.0000,0.0000,0.0000,9.6667,12.6667,12.0000,19.0000,5.00,3.220,27.39,72.89,7.148,23.194,34.905,588,1.00,2.00,3.00,1.00,2.00,3.00,474.00,111.00,15.00,2.00,1.00,0.00,6.750,0.000,3303.000,0.094,849.188,991.344,1648.688,1648.875,1668.188,1646.750,1168.031
2024-08-14T05:57:33Z,031,12,1,241,12,100.00,4.21,23.10,87.26,25.4493,4.1159,0.9855,0.0580,0.8696,0.6377,0.6377,0.1159,0.0580,0.0000,0.0000,0.0000,0.0000,0.0000,0.0000,0.0000,0.0000,0.0000,0.0000,0.0000,0.0000,0.0000,0.0000,0.0000,9.3333,9.0000,13.6667,21.0000,5.00,3.450,27.39,72.77,5.997,26.197,53.852,588,2.00,3.00,4.00,2.00,3.00,4.00,468.00,124.00,30.00,4.00,1.00,0.00,3.149,0.000,3303.000,0.062,843.750,982.750,1648.688,1648.688,1668.188,1647.062,1174.688
2024-08-14T05:57:38Z,031,12,1,241,1,100.00,4.25,23.10,87.14,32.1981,5.8204,1.9814,0.8669,1.3003,0.6192,0.3096,0.1238,0.0000,0.0000,0.0000,0.0000,0.0000,0.0000,0.0000,0.0000,0.0000,0.0000,0.0000,0.0000,0.0000,0.0000,0.0000,0.0000,10.3333,12.0000,15.0000,15.3333,5.00,3.230,27.43,72.72,8.938,27.633,42.630,588,2.00,4.00,5.00,2.00,4.00,5.00,573.00,141.00,33.00,5.00,1.00,0.00,4.950,0.000,3303.000,0.094,849.031,984.594,1648.875,1648.875,1668.188,1647.000,1169.406
2024-08-14T05:57:43Z,031,12,1,241,2,100.00,4.25,23.10,87.13,36.0372,6.1920,2.1053,0.9288,0.9907,0.7430,0.6192,0.0619,0.0619,0.0000,0.0000,0.0000,0.0000,0.0000,0.0000,0.0000,0.0000,0.0000,0.0000,0.0000,0.0000,0.0000,0.0000,0.0000,10.0000,11.3333,17.0000,16.0000,5.00,3.230,27.46,72.69,9.480,31.922,57.453,588,3.00,5.00,5.00,3.00,5.00,5.00,708.00,174.00,32.00,5.00,1.00,0.00,6.750,1.000,3303.000,0.094,842.250,975.312,1648.688,1648.875,1668.188,1646.844,1172.469
2024-08-14T05:57:48Z,031,12,1,241,3,100.00,4.21,23.10,87.10,19.4611,3.8323,1.4371,0.3593,0.7784,0.2994,0.4192,0.0000,0.0000,0.0000,0.0000,0.0000,0.0000,0.0000,0.0000,0.0000,0.0000,0.0000,0.0000,0.0000,0.0000,0.0000,0.0000,0.0000,9.6667,11.6667,12.3333,0.0000,5.00,3.340,27.48,72.59,5.497,17.939,26.580,589,3.00,5.00,6.00,3.00,5.00,6.00,741.00,186.00,32.00,5.00,1.00,0.00,8.100,1.000,3303.000,0.094,840.375,970.125,1649.188,1648.500,1668.188,1646.469,1172.250
2024-08-14T05:57:53Z,031,12,1,241,4,100.00,4.23,23.12,87.06,22.7922,3.7662,1.7532,0.3247,0.6494,0.5195,0.1948,0.2597,0.0000,0.0000,0.0000,0.0000,0.0000,0.0000,0.0000,0.0000,0.0000,0.0000,0.0000,0.0000,0.0000,0.0000,0.0000,0.0000,10.6667,11.6667,10.3333,28.0000,5.00,3.080,27.49,72.52,5.990,20.505,40.049,588,3.00,6.00,6.00,3.00,6.00,6.00,759.00,194.00,45.00,5.00,0.00,0.00,2.701,7.000,3303.000,0.094,839.438,966.531,1649.062,1648.688,1667.812,1646.812,1164.594
2024-08-14T05:57:58Z,031,12,1,241,5,100.00,4.22,23.12,87.02,19.5652,3.0435,1.5217,0.3623,0.4348,0.5072,0.5072,0.0000,0.1449,0.0000,0.0000,0.0000,0.0000,0.0000,0.0000,0.0000,0.0000,0.0000,0.0000,0.0000,0.0000,0.0000,0.0000,0.0000,11.6667,14.6667,13.6667,0.0000,5.00,2.760,27.50,72.43,5.182,20.602,50.897,589,3.00,4.00,4.00,3.00,4.00,4.00,690.00,175.00,30.00,2.00,0.00,0.00,6.749,1.000,3303.000,0.062,836.625,960.812,1648.875,1648.875,1667.438,1646.250,1168.688
2024-08-14T05:58:03Z,031,12,1,241,6,100.00,4.21,23.15,87.00,14.2177,1.7007,0.6803,0.4082,0.2721,0.2721,0.0000,0.0000,0.0000,0.0000,0.0000,0.0000,0.0000,0.0000,0.0000,0.0000,0.0000,0.0000,0.0000,0.0000,0.0000,0.0000,0.0000,0.0000,9.6667,10.6667,9.0000,0.0000,5.00,2.940,27.52,72.38,3.301,7.713,8.945,589,3.00,4.00,4.00,3.00,4.00,4.00,675.00,178.00,33.00,1.00,0.00,0.00,4.053,353.000,3303.000,0.062,837.469,958.781,1648.688,1648.812,1667.250,1646.219,1175.812
2024-08-14T05:58:08Z,031,12,1,241,7,100.00,4.21,23.13,86.97,14.7910,2.0579,1.2862,0.3859,0.7717,0.5145,0.2572,0.0000,0.0000,0.0000,0.0000,0.0000,0.0000,0.0000,0.0000,0.0000,0.0000,0.0000,0.0000,0.0000,0.0000,0.0000,0.0000,0.0000,9.6667,10.3333,12.6667,0.0000,5.00,3.110,27.56,72.33,4.483,16.608,23.363,589,3.00,4.00,4.00,3.00,4.00,4.00,645.00,170.00,34.00,1.00,0.00,0.00,3.599,8.000,3303.000,0.031,832.094,952.219,1648.688,1648.938,1667.625,1646.875,1174.938
2024-08-14T05:58:13Z,031,12,1,241,8,100.00,4.21,23.16,86.94,16.2987,2.2727,0.3247,0.3896,0.3896,0.5195,0.0649,0.0000,0.0000,0.0649,0.0000,0.0000,0.0000,0.0000,0.0000,0.0000,0.0000,0.0000,0.0000,0.0000,0.0000,0.0000,0.0000,0.0000,10.3333,11.3333,12.0000,0.0000,5.00,3.080,27.57,72.26,3.704,11.829,32.303,589,3.00,5.00,5.00,3.00,5.00,5.00,753.00,193.00,44.00,2.00,0.00,0.00,4.948,4.000,3303.000,0.031,832.062,949.656,1648.500,1648.688,1666.875,1646.812,1175.062
2024-08-14T05:58:18Z,031,12,1,241,9,100.00,4.21,23.15,86.91,14.0523,1.6340,1.1111,0.5229,0.5229,0.5882,0.1307,0.0000,0.0000,0.0000,0.0000,0.0000,0.0000,0.0000,0.0000,0.0000,0.0000,0.0000,0.0000,0.0000,0.0000,0.0000,0.0000,0.0000,10.3333,12.0000,13.3333,0.0000,5.00,3.060,27.56,72.21,4.087,14.319,19.105,589,4.00,6.00,6.00,4.00,6.00,6.00,846.00,218.00,56.00,2.00,0.00,0.00,4.949,0.000,3303.000,0.094,833.438,949.125,1648.500,1648.875,1666.938,1646.625,1176.562
2024-08-14T05:58:23Z,031,12,1,241,10,100.00,4.25,23.17,86.88,15.7377,2.1311,0.4098,0.2459,0.2459,0.1639,0.1639,0.0820,0.0000,0.0000,0.0000,0.0000,0.0000,0.0000,0.0000,0.0000,0.0000,0.0000,0.0000,0.0000,0.0000,0.0000,0.0000,0.0000,14.3333,11.0000,16.3333,6.0000,5.00,2.440,27.60,72.15,3.215,9.516,17.431,589,3.00,5.00,5.00,3.00,5.00,5.00,807.00,201.00,44.00,1.00,0.00,0.00,7.201,5.000,3303.000,0.094,829.406,941.750,1648.719,1648.875,1666.844,1646.812,1170.312
2024-08-14T05:58:28Z,031,12,1,241,11,100.00,4.21,23.16,86.89,17.5566,2.5339,0.6335,0.1810,0.4525,0.1810,0.0905,0.0000,0.0000,0.0000,0.0000,0.0000,0.0000,0.0000,0.0000,0.0000,0.0000,0.0000,0.0000,0.0000,0.0000,0.0000,0.0000,0.0000,13.3333,16.0000,19.6667,0.0000,5.00,2.210,27.63,72.10,3.795,8.998,11.483,589,4.00,5.00,5.00,4.00,5.00,5.00,849.00,212.00,49.00,1.00,0.00,0.00,3.599,356.000,3303.000,0.125,829.875,941.656,1648.500,1648.781,1666.938,1646.812,1174.906
2024-08-14T05:58:33Z,031,12,1,241,12,100.00,4.22,23.17,86.87,15.3527,1.9917,0.4149,0.2490,0.8299,0.6639,0.1660,0.0000,0.0000,0.0000,0.0000,0.0000,0.0000,0.0000,0.0000,0.0000,0.0000,0.0000,0.0000,0.0000,0.0000,0.0000,0.0000,0.0000,10.3333,11.6667,16.0000,0.0000,5.00,2.410,27.63,72.01,3.944,15.940,21.762,590,4.00,6.00,6.00,4.00,6.00,6.00,897.00,226.00,45.00,1.00,0.00,0.00,5.850,0.000,3303.000,0.125,827.781,938.062,1648.688,1648.875,1666.688,1646.625,1171.594
2024-08-14T05:58:38Z,031,12,1,241,1,100.00,4.21,23.20,86.82,17.8912,2.1925,0.7016,0.0877,0.5262,0.5262,0.2631,0.0000,0.0877,0.0877,0.0000,0.0000,0.0000,0.0000,0.0000,0.0000,0.0000,0.0000,0.0000,0.0000,0.0000,0.0000,0.0000,0.0000,12.6667,10.0000,12.6667,0.0000,5.00,2.280,27.67,71.95,3.999,15.970,57.712,589,4.00,5.00,5.00,4.00,5.00,5.00,807.00,209.00,47.00,0.00,0.00,0.00,2.700,354.000,3302.969,0.062,825.531,933.719,1648.500,1648.500,1666.469,1646.812,1173.500
2024-08-14T05:59:58Z,031,12,0,243,1,100.00,4.25,23.27,86.78,0.0000,0.0000,0.0000,0.0000,0.0000,0.0000,0.0000,0.0000,0.0000,0.0000,0.0000,0.0000,0.0000,0.0000,0.0000,0.0000,0.0000,0.0000,0.0000,0.0000,0.0000,0.0000,0.0000,0.0000,0.0000,0.0000,0.0000,0.0000,4194979.00,3.700,26.57,75.59,0.000,0.000,0.000,591,3.00,5.00,6.00,3.00,5.00,6.00,651.00,183.00,49.00,2.00,1.00,1.00,6.771,2.000,3303.000,0.062,3303.000,3303.219,1670.594,1717.562,1687.500,1575.438,1176.188
2024-08-14T06:00:45Z,031,12,0,243,1,100.00,4.23,23.34,86.64,0.0000,0.0000,0.0000,0.0000,0.0000,0.0000,0.0000,0.0000,0.0000,0.0000,0.0000,0.0000,0.0000,0.0000,0.0000,0.0000,0.0000,0.0000,0.0000,0.0000,0.0000,0.0000,0.0000,0.0000,0.0000,0.0000,0.0000,0.0000,4194979.00,3.700,26.57,75.36,0.000,0.000,0.000,590,4.00,6.00,6.00,4.00,6.00,6.00,771.00,228.00,31.00,2.00,0.00,0.00,7.728,7.000,3303.062,0.031,3303.000,3303.375,1640.625,1712.312,1668.375,1574.781,1176.188
2024-08-14T06:01:50Z,031,12,0,243,1,100.00,4.25,23.40,86.43,0.0000,0.0000,0.0000,0.0000,0.0000,0.0000,0.0000,0.0000,0.0000,0.0000,0.0000,0.0000,0.0000,0.0000,0.0000,0.0000,0.0000,0.0000,0.0000,0.0000,0.0000,0.0000,0.0000,0.0000,0.0000,0.0000,0.0000,0.0000,4194979.00,3.700,26.44,75.62,0.000,0.000,0.000,591,8.00,15.00,15.00,8.00,15.00,15.00,1629.00,456.00,107.00,8.00,0.00,0.00,7.731,19.000,3303.062,0.094,3303.000,3303.375,1624.500,1713.531,1667.062,1574.062,1186.625
2024-08-14T06:02:18Z,031,12,0,243,1,100.00,4.25,23.42,86.27,0.0000,0.0000,0.0000,0.0000,0.0000,0.0000,0.0000,0.0000,0.0000,0.0000,0.0000,0.0000,0.0000,0.0000,0.0000,0.0000,0.0000,0.0000,0.0000,0.0000,0.0000,0.0000,0.0000,0.0000,0.0000,0.0000,0.0000,0.0000,4194979.00,3.700,26.50,75.47,0.000,0.000,0.000,591,8.00,15.00,15.00,8.00,15.00,15.00,1569.00,448.00,122.00,9.00,0.00,0.00,7.094,4.000,3303.000,0.094,3303.000,3303.281,1638.188,1706.438,1657.000,1577.250,1179.969
2024-08-14T06:02:23Z,031,12,0,241,2,100.00,4.24,23.40,86.22,11.3615,1.5962,0.1878,0.0939,0.0939,0.0939,0.0939,0.0000,0.0000,0.0000,0.0000,0.0000,0.0000,0.0000,0.0000,0.0000,0.0000,0.0000,0.0000,0.0000,0.0000,0.0000,0.0000,0.0000,12.3333,10.6667,19.3333,0.0000,5.00,2.130,26.66,75.32,2.094,4.788,6.780,589,7.00,12.00,12.00,7.00,12.00,12.00,1452.00,412.00,112.00,3.00,0.00,0.00,7.204,4.000,3303.000,0.000,3303.000,3303.375,1641.000,1702.031,1659.375,1590.594,1176.000
2024-08-14T06:02:47Z,031,12,0,243,1,100.00,4.25,23.42,86.24,0.0000,0.0000,0.0000,0.0000,0.0000,0.0000,0.0000,0.0000,0.0000,0.0000,0.0000,0.0000,0.0000,0.0000,0.0000,0.0000,0.0000,0.0000,0.0000,0.0000,0.0000,0.0000,0.0000,0.0000,0.0000,0.0000,0.0000,0.0000,4194978.50,3.700,26.57,75.21,0.000,0.000,0.000,592,1.00,2.00,2.00,1.00,2.00,2.00,369.00,109.00,7.00,1.00,0.00,0.00,10.132,6.000,3303.000,0.062,3303.000,3303.344,1642.688,1702.531,1650.938,1578.000,1181.062
2024-08-14T06:02:52Z,031,12,0,241,2,100.00,4.25,23.42,86.23,10.1493,1.0945,0.4975,0.0000,0.1990,0.0995,0.0995,0.0000,0.0000,0.0000,0.0000,0.0000,0.0000,0.0000,0.0000,0.0000,0.0000,0.0000,0.0000,0.0000,0.0000,0.0000,0.0000,0.0000,12.6667,0.0000,22.3333,0.0000,5.00,2.010,26.70,75.01,2.032,5.221,7.384,590,1.00,1.00,1.00,1.00,1.00,1.00,273.00,81.00,0.00,0.00,0.00,0.00,8.105,0.000,3303.000,0.125,3303.000,3303.250,1644.938,1698.906,1655.094,1591.625,1176.531
2024-08-14T06:02:59Z,031,12,0,243,3,100.00,4.22,23.42,86.12,98.3689,2.2357,0.8943,0.3353,0.5589,0.6707,0.0000,0.1118,0.0000,0.0000,0.0000,0.0000,0.0000,0.0000,0.0000,0.0000,0.0000,0.0000,0.0000,0.0000,0.0000,0.0000,0.0000,0.0000,17.6667,18.6667,21.0000,22.0000,6.99,1.280,26.75,74.77,13.446,24.108,32.972,588,0.00,0.00,0.00,0.00,0.00,0.00,138.00,46.00,1.00,0.00,0.00,0.00,6.388,296.000,3303.000,0.031,3302.969,3303.219,1646.625,1686.188,1658.562,1609.500,1172.625
2024-08-14T06:03:04Z,031,12,1,241,4,100.00,4.21,23.42,86.09,87.6923,3.2692,0.7692,0.1923,0.3846,0.5769,0.3846,0.1923,0.0000,0.0000,0.0000,0.0000,0.0000,0.0000,0.0000,0.0000,0.0000,0.0000,0.0000,0.0000,0.0000,0.0000,0.0000,0.0000,20.6667,12.3333,11.3333,15.3333,5.00,1.040,26.78,74.54,12.244,27.283,46.449,590,1.00,2.00,2.00,1.00,2.00,2.00,471.00,134.00,16.00,1.00,0.00,0.00,4.551,2.000,3302.938,0.094,3302.875,3303.250,1647.562,1679.188,1659.875,1618.125,1173.625
2024-08-14T06:03:09Z,031,12,1,241,5,100.00,4.22,23.42,86.07,45.4717,1.8868,0.1887,0.3774,0.0000,0.1887,0.1887,0.1887,0.0000,0.0000,0.0000,0.0000,0.0000,0.0000,0.0000,0.0000,0.0000,0.0000,0.0000,0.0000,0.0000,0.0000,0.0000,0.0000,17.0000,10.3333,13.6667,25.0000,5.00,1.060,26.85,74.45,6.280,13.738,27.733,590,2.00,3.00,3.00,2.00,3.00,3.00,609.00,174.00,18.00,1.00,0.00,0.00,8.550,357.000,3302.812,0.094,3302.844,3303.188,1647.938,1673.438,1660.312,1624.344,1169.312
2024-08-14T06:03:14Z,031,12,1,241,6,100.00,4.22,23.42,86.07,43.3929,2.3214,0.0000,0.0000,0.7143,0.5357,0.1786,0.0000,0.0000,0.0000,0.0000,0.0000,0.0000,0.0000,0.0000,0.0000,0.0000,0.0000,0.0000,0.0000,0.0000,0.0000,0.0000,0.0000,14.6667,0.0000,12.0000,0.0000,5.00,1.120,26.90,74.24,6.521,16.612,22.067,590,2.00,3.00,3.00,2.00,3.00,3.00,672.00,185.00,19.00,2.00,0.00,0.00,7.200,82.000,3302.812,0.156,3302.812,3303.188,1648.500,1669.125,1660.750,1629.562,1178.625
2024-08-14T06:03:19Z,031,12,1,241,7,100.00,4.21,23.40,85.98,36.4706,3.5294,1.8487,0.1681,0.1681,0.3361,0.0000,0.0000,0.0000,0.0000,0.0000,0.0000,0.0000,0.0000,0.0000,0.0000,0.0000,0.0000,0.0000,0.0000,0.0000,0.0000,0.0000,0.0000,15.0000,16.3333,12.3333,0.0000,5.00,1.190,26.95,74.05,6.808,11.410,12.813,590,3.00,5.00,5.00,3.00,5.00,5.00,933.00,255.00,23.00,2.00,0.00,0.00,3.600,75.000,3302.812,0.031,3302.812,3303.188,1648.500,1665.250,1661.469,1633.312,1173.594
2024-08-14T06:03:24Z,031,12,1,241,8,100.00,4.23,23.43,85.96,25.4438,4.4970,0.3550,0.3550,0.2367,0.1183,0.1183,0.0000,0.0000,0.0000,0.0000,0.0000,0.0000,0.0000,0.0000,0.0000,0.0000,0.0000,0.0000,0.0000,0.0000,0.0000,0.0000,0.0000,9.6667,14.3333,18.0000,0.0000,5.00,1.690,27.01,73.91,4.988,9.352,11.949,589,5.00,7.00,7.00,5.00,7.00,7.00,1179.00,326.00,31.00,2.00,0.00,0.00,1.800,0.000,3303.000,0.062,3302.812,3303.188,1648.688,1662.375,1661.438,1635.938,1188.750
2024-08-14T06:03:29Z,031,12,1,241,9,100.00,4.26,23.42,85.84,18.5149,3.5644,0.8911,0.3960,0.2970,0.4950,0.1980,0.0000,0.0990,0.0000,0.0000,0.0000,0.0000,0.0000,0.0000,0.0000,0.0000,0.0000,0.0000,0.0000,0.0000,0.0000,0.0000,0.0000,10.6667,15.0000,15.0000,0.0000,5.00,2.020,27.11,73.71,4.625,14.744,33.535,589,5.00,6.00,6.00,5.00,6.00,6.00,1116.00,307.00,23.00,1.00,0.00,0.00,5.850,2.000,3302.812,0.125,3302.812,3303.188,1648.875,1660.312,1661.281,1638.188,1182.375
2024-08-14T06:03:34Z,031,12,1,241,10,100.00,4.21,23.43,85.84,16.4948,2.1649,0.3093,0.4124,0.3093,0.1031,0.2062,0.0000,0.0000,0.0000,0.0000,0.0000,0.0000,0.0000,0.0000,0.0000,0.0000,0.0000,0.0000,0.0000,0.0000,0.0000,0.0000,0.0000,13.6667,15.6667,11.3333,0.0000,5.00,1.940,27.14,73.52,3.430,9.118,13.172,590,6.00,7.00,7.00,6.00,7.00,7.00,1119.00,312.00,31.00,1.00,0.00,0.00,5.400,0.000,3302.938,0.031,3303.000,3303.344,1648.688,1658.531,1661.250,1639.688,1177.469
2024-08-14T06:03:39Z,031,12,1,241,11,100.00,4.21,23.43,85.78,11.0502,1.6438,0.7306,0.0913,0.1826,0.0913,0.2740,0.0000,0.0000,0.0000,0.0000,0.0000,0.0000,0.0000,0.0000,0.0000,0.0000,0.0000,0.0000,0.0000,0.0000,0.0000,0.0000,0.0000,9.6667,12.6667,13.6667,0.0000,5.00,2.190,27.18,73.36,2.545,8.102,13.149,589,5.00,6.00,6.00,5.00,6.00,6.00,969.00,272.00,35.00,1.00,0.00,0.00,3.600,353.000,3302.812,0.094,3302.812,3303.188,1648.500,1656.938,1661.344,1640.812,1173.375
2024-08-14T06:03:44Z,031,12,1,241,1,100.00,4.21,23.44,85.83,8.7866,1.3389,0.1674,0.2510,0.5021,0.3347,0.0000,0.0000,0.0000,0.0000,0.0000,0.0000,0.0000,0.0000,0.0000,0.0000,0.0000,0.0000,0.0000,0.0000,0.0000,0.0000,0.0000,0.0000,9.6667,15.3333,12.6667,0.0000,5.00,2.390,27.25,73.20,2.344,7.838,9.431,589,3.00,4.00,4.00,3.00,4.00,4.00,789.00,219.00,36.00,1.00,0.00,0.00,6.750,9.000,3303.000,0.125,3303.000,3303.375,1648.750,1655.625,1661.250,1641.562,1178.625
2024-08-14T06:03:49Z,031,12,1,241,2,100.00,4.24,23.44,85.79,54.3617,1.9149,0.6383,0.2128,0.2128,0.2128,0.0000,0.2128,0.2128,0.0000,0.0000,0.0000,0.0000,0.0000,0.0000,0.0000,0.0000,0.0000,0.0000,0.0000,0.0000,0.0000,0.0000,0.0000,18.0000,17.6667,32.6667,15.3333,5.00,1.880,27.28,73.04,7.593,16.000,57.082,589,3.00,4.00,4.00,3.00,4.00,4.00,675.00,182.00,29.00,1.00,0.00,0.00,8.550,0.000,3302.812,0.094,3302.812,3303.188,1648.875,1655.062,1661.812,1642.312,1171.844
2024-08-14T06:03:54Z,031,12,1,241,3,100.00,4.21,23.44,85.79,44.8128,1.8182,0.7487,0.1070,0.2139,0.1070,0.1070,0.0000,0.0000,0.0000,0.0000,0.0000,0.0000,0.0000,0.0000,0.0000,0.0000,0.0000,0.0000,0.0000,0.0000,0.0000,0.0000,0.0000,13.3333,13.6667,19.6667,0.0000,5.00,1.870,27.33,72.89,6.428,10.150,12.483,590,3.00,4.00,4.00,3.00,4.00,4.00,618.00,168.00,29.00,1.00,0.00,0.00,5.850,18.000,3302.812,0.031,3302.812,3303.188,1649.219,1654.125,1661.625,1643.250,1180.750
2024-08-14T06:03:59Z,031,12,0,241,4,100.00,4.20,23.44,85.77,18.5965,3.2749,1.5205,0.4678,0.9357,0.9357,0.5848,0.4678,0.0000,0.0000,0.0000,0.0000,0.0000,0.0000,0.0000,0.0000,0.0000,0.0000,0.0000,0.0000,0.0000,0.0000,0.0000,0.0000,15.0000,17.3333,19.3333,18.3333,5.00,1.710,27.39,72.75,5.941,33.368,72.333,590,2.00,3.00,3.00,2.00,3.00,3.00,660.00,179.00,27.00,1.00,0.00,0.00,6.750,4.000,3302.812,0.031,3302.812,3303.188,1648.938,1653.188,1661.156,1643.531,1170.562
2024-08-14T06:04:04Z,031,12,0,241,5,100.00,4.25,23.44,85.83,12.8814,2.0339,1.1299,0.3390,0.5650,0.3390,0.5650,0.2260,0.1130,0.0000,0.0000,0.0000,0.0000,0.0000,0.0000,0.0000,0.0000,0.0000,0.0000,0.0000,0.0000,0.0000,0.0000,0.0000,12.6667,16.6667,14.0000,8.0000,5.00,1.770,27.38,72.60,3.900,21.746,60.203,589,3.00,4.00,4.00,3.00,4.00,4.00,792.00,214.00,30.00,0.00,0.00,0.00,9.450,0.000,3302.812,0.031,3302.812,3303.188,1649.312,1652.438,1661.250,1644.000,1178.375
2024-08-14T06:04:09Z,031,12,0,241,6,100.00,4.21,23.44,85.85,11.8280,0.9677,0.7527,0.1075,0.2151,0.3226,0.0000,0.0000,0.1075,0.0000,0.0000,0.0000,0.0000,0.0000,0.0000,0.0000,0.0000,0.0000,0.0000,0.0000,0.0000,0.0000,0.0000,0.0000,11.0000,13.0000,13.3333,0.0000,5.00,1.860,27.48,72.45,2.573,7.781,23.682,589,4.00,5.00,5.00,4.00,5.00,5.00,765.00,212.00,30.00,0.00,0.00,0.00,10.350,358.000,3302.812,0.094,3302.812,3303.188,1649.062,1651.875,1661.250,1644.562,1174.875
2024-08-14T06:04:14Z,031,12,0,241,7,100.00,4.20,23.44,85.86,6.8041,0.7216,0.0000,0.2062,0.3093,0.1031,0.2062,0.0000,0.0000,0.1031,0.0000,0.0000,0.0000,0.0000,0.0000,0.0000,0.0000,0.0000,0.0000,0.0000,0.0000,0.0000,0.0000,0.0000,10.6667,14.6667,13.0000,0.0000,5.00,1.940,27.48,72.31,1.541,7.304,38.557,590,4.00,5.00,5.00,4.00,5.00,5.00,717.00,197.00,31.00,0.00,0.00,0.00,9.450,1.000,3302.812,0.062,3302.812,3303.188,1649.438,1651.688,1660.875,1644.562,1178.594
2024-08-14T06:04:19Z,031,12,0,241,8,100.00,4.21,23.46,85.94,8.5279,1.3198,0.7107,0.1015,0.3046,0.2030,0.4061,0.1015,0.1015,0.0000,0.0000,0.0000,0.0000,0.0000,0.0000,0.0000,0.0000,0.0000,0.0000,0.0000,0.0000,0.0000,0.0000,0.0000,12.3333,78.0000,25.3333,18.3333,5.00,1.970,27.53,72.19,2.369,13.526,40.430,590,2.00,3.00,3.00,2.00,3.00,3.00,723.00,194.00,31.00,0.00,0.00,0.00,9.900,6.000,3302.812,0.094,3302.750,3303.188,1649.250,1651.125,1661.125,1644.906,1172.500
2024-08-14T06:04:24Z,031,12,0,241,9,100.00,4.25,23.46,85.97,7.8974,0.6154,0.6154,0.1026,0.1026,0.4103,0.0000,0.1026,0.0000,0.0000,0.0000,0.0000,0.0000,0.0000,0.0000,0.0000,0.0000,0.0000,0.0000,0.0000,0.0000,0.0000,0.0000,0.0000,13.6667,11.3333,18.3333,30.0000,5.00,1.950,27.57,72.05,1.887,7.683,14.808,589,4.00,5.00,5.00,4.00,5.00,5.00,855.00,228.00,37.00,0.00,0.00,0.00,12.600,0.000,3302.781,0.031,3302.812,3303.188,1649.062,1650.750,1661.000,1645.906,1173.375
2024-08-14T06:04:29Z,031,12,0,241,10,100.00,4.24,23.44,85.96,18.0111,1.4365,0.5525,0.1105,0.3315,0.1105,0.0000,0.0000,0.0000,0.0000,0.0000,0.0000,0.0000,0.0000,0.0000,0.0000,0.0000,0.0000,0.0000,0.0000,0.0000,0.0000,0.0000,0.0000,15.6667,10.0000,11.6667,0.0000,5.00,1.810,27.59,71.93,3.254,5.997,6.623,589,3.00,5.00,5.00,3.00,5.00,5.00,786.00,208.00,38.00,0.00,0.00,0.00,11.225,2.000,3302.812,0.062,3302.812,3303.188,1649.062,1650.562,1661.062,1645.531,1173.562
2024-08-14T06:04:34Z,031,12,1,241,11,100.00,4.28,23.44,85.94,85.6291,1.6558,0.4731,0.0000,0.0000,0.3548,0.2365,0.0000,0.0000,0.1183,0.0000,0.0000,0.0000,0.0000,0.0000,0.0000,0.0000,0.0000,0.0000,0.0000,0.0000,0.0000,0.0000,0.0000,15.6667,0.0000,17.6667,0.0000,5.00,1.690,27.63,71.80,10.694,17.811,54.371,589,2.00,4.00,4.00,2.00,4.00,4.00,822.00,212.00,37.00,0.00,0.00,0.00,8.111,2.000,3302.812,0.031,3302.812,3303.188,1649.062,1650.406,1661.062,1645.094,1175.906
2024-08-14T06:04:39Z,031,12,1,241,12,100.00,4.25,23.46,85.91,93.9452,2.7794,0.9265,0.0000,0.5559,0.5559,0.1853,0.0000,0.0000,0.0000,0.0000,0.0000,0.0000,0.0000,0.0000,0.0000,0.0000,0.0000,0.0000,0.0000,0.0000,0.0000,0.0000,0.0000,31.0000,0.0000,21.0000,0.0000,5.00,1.080,27.64,71.70,12.825,22.885,28.438,589,2.00,4.00,4.00,2.00,4.00,4.00,813.00,206.00,32.00,0.00,0.00,0.00,9.458,2.000,3302.812,0.125,3302.875,3303.188,1649.250,1650.750,1661.188,1645.656,1160.625
2024-08-14T06:04:44Z,031,12,1,241,1,100.00,4.25,23.47,85.80,18.7342,2.9114,0.6329,0.1266,0.2532,0.2532,0.0000,0.1266,0.0000,0.0000,0.0000,0.0000,0.0000,0.0000,0.0000,0.0000,0.0000,0.0000,0.0000,0.0000,0.0000,0.0000,0.0000,0.0000,6.6667,10.0000,18.0000,15.6667,5.00,1.580,27.69,71.63,3.826,9.314,17.211,589,2.00,3.00,3.00,2.00,3.00,3.00,750.00,188.00,30.00,0.00,0.00,0.00,10.350,4.000,3302.969,0.031,3302.812,3303.188,1649.250,1650.000,1661.062,1645.500,1183.375
2024-08-14T06:04:49Z,031,12,1,241,2,100.00,4.25,23.49,85.84,11.8750,0.6250,0.3750,0.0000,0.1250,0.2500,0.1250,0.0000,0.0000,0.0000,0.0000,0.0000,0.0000,0.0000,0.0000,0.0000,0.0000,0.0000,0.0000,0.0000,0.0000,0.0000,0.0000,0.0000,12.6667,0.0000,12.0000,0.0000,5.00,1.600,27.70,71.53,2.042,6.525,9.648,589,2.00,3.00,3.00,2.00,3.00,3.00,693.00,162.00,27.00,0.00,0.00,0.00,9.900,0.000,3302.844,0.000,3302.812,3303.188,1649.438,1650.000,1661.062,1645.312,1176.062
2024-08-14T06:04:54Z,031,12,1,241,3,100.00,4.22,23.50,85.86,13.9130,2.0652,0.3261,0.0000,0.0000,0.3261,0.1087,0.0000,0.0000,0.0000,0.0000,0.0000,0.0000,0.0000,0.0000,0.0000,0.0000,0.0000,0.0000,0.0000,0.0000,0.0000,0.0000,0.0000,10.3333,0.0000,15.3333,0.0000,5.00,1.840,27.73,71.47,2.569,7.005,10.074,588,1.00,2.00,2.00,1.00,2.00,2.00,612.00,136.00,19.00,0.00,0.00,0.00,8.550,2.000,3302.812,0.062,3302.812,3303.188,1649.250,1650.000,1660.688,1645.688,1184.625
2024-08-14T06:04:59Z,031,12,1,241,4,100.00,4.21,23.49,85.92,12.0879,1.2088,0.4396,0.1099,0.1099,0.1099,0.2198,0.1099,0.1099,0.0000,0.0000,0.0000,0.0000,0.0000,0.0000,0.0000,0.0000,0.0000,0.0000,0.0000,0.0000,0.0000,0.0000,0.0000,13.6667,10.3333,14.6667,14.3333,5.00,1.820,27.77,71.32,2.301,9.531,34.426,589,0.00,2.00,2.00,0.00,2.00,2.00,513.00,111.00,15.00,3.00,0.00,0.00,9.450,1.000,3302.812,0.094,2313.750,3303.188,1648.875,1649.812,1660.500,1645.500,1176.031
2024-08-14T06:05:04Z,031,12,1,241,5,100.00,4.25,23.50,85.83,9.7959,1.2245,0.1020,0.4082,0.1020,0.0000,0.0000,0.0000,0.0000,0.0000,0.0000,0.0000,0.0000,0.0000,0.0000,0.0000,0.0000,0.0000,0.0000,0.0000,0.0000,0.0000,0.0000,0.0000,10.3333,13.3333,0.0000,0.0000,5.00,1.960,27.80,71.21,1.983,3.115,3.204,589,1.00,3.00,3.00,1.00,3.00,3.00,486.00,109.00,15.00,3.00,0.00,0.00,9.000,2.000,3302.812,0.031,1908.156,3303.188,1649.062,1649.812,1660.500,1645.875,1166.906
2024-08-14T06:05:09Z,031,12,1,241,6,100.00,4.24,23.50,85.85,9.4340,2.7358,0.3774,0.0943,0.1887,0.1887,0.2830,0.0000,0.0000,0.0000,0.0000,0.0000,0.0000,0.0000,0.0000,0.0000,0.0000,0.0000,0.0000,0.0000,0.0000,0.0000,0.0000,0.0000,11.3333,11.3333,10.6667,0.0000,5.00,2.120,27.83,71.15,2.500,8.968,14.543,589,1.00,2.00,2.00,1.00,2.00,2.00,552.00,127.00,21.00,4.00,0.00,0.00,10.350,3.000,3302.812,0.125,1793.719,3303.188,1649.312,1650.000,1660.719,1645.688,1178.250
2024-08-14T06:05:14Z,031,12,1,241,7,100.00,4.24,23.49,85.81,12.4561,0.8772,0.2632,0.0877,0.0877,0.0000,0.0000,0.0000,0.0000,0.0000,0.0000,0.0000,0.0000,0.0000,0.0000,0.0000,0.0000,0.0000,0.0000,0.0000,0.0000,0.0000,0.0000,0.0000,9.3333,11.6667,0.0000,0.0000,5.00,2.280,27.83,71.06,1.982,2.601,2.659,589,1.00,3.00,3.00,1.00,3.00,3.00,483.00,118.00,18.00,5.00,0.00,0.00,10.800,1.000,3302.812,0.031,1743.000,3303.188,1649.062,1649.812,1660.594,1645.875,1172.625
2024-08-14T06:05:19Z,031,12,1,241,8,100.00,4.20,23.50,85.85,9.9138,0.5172,0.5172,0.0862,0.3448,0.2586,0.0000,0.0862,0.0000,0.0000,0.0000,0.0000,0.0000,0.0000,0.0000,0.0000,0.0000,0.0000,0.0000,0.0000,0.0000,0.0000,0.0000,0.0000,10.6667,11.0000,14.6667,17.0000,5.00,2.320,27.88,71.00,2.136,7.332,13.141,590,2.00,4.00,4.00,2.00,4.00,4.00,615.00,149.00,26.00,5.00,0.00,0.00,9.450,355.000,3302.812,0.156,1716.406,3303.125,1648.875,1649.781,1660.562,1645.875,1181.500
2024-08-14T06:05:24Z,031,12,1,241,9,100.00,4.25,23.50,85.78,11.8182,1.9091,0.4545,0.2727,0.0909,0.1818,0.4545,0.0000,0.0000,0.0000,0.0000,0.0000,0.0000,0.0000,0.0000,0.0000,0.0000,0.0000,0.0000,0.0000,0.0000,0.0000,0.0000,0.0000,13.0000,13.0000,10.3333,0.0000,5.00,2.200,27.90,70.90,2.704,11.233,19.607,590,3.00,4.00,4.00,3.00,4.00,4.00,732.00,180.00,33.00,2.00,0.00,0.00,6.300,7.000,3302.812,0.031,1697.875,3303.188,1649.000,1649.625,1660.812,1645.875,1171.688
2024-08-14T06:05:29Z,031,12,1,241,10,100.00,4.25,23.50,85.70,11.1489,1.4468,0.9362,0.0851,0.2553,0.5957,0.2553,0.0851,0.0000,0.0000,0.0000,0.0000,0.0000,0.0000,0.0000,0.0000,0.0000,0.0000,0.0000,0.0000,0.0000,0.0000,0.0000,0.0000,10.3333,11.3333,16.3333,14.3333,5.00,2.350,27.91,70.82,2.979,14.221,25.482,590,3.00,4.00,4.00,3.00,4.00,4.00,795.00,193.00,40.00,3.00,0.00,0.00,6.750,50.000,3302.812,0.125,1682.125,3303.188,1649.062,1649.625,1660.500,1646.250,1177.500
2024-08-14T06:05:34Z,031,12,1,241,11,100.00,4.20,23.51,85.65,11.0744,0.8264,0.4959,0.1653,0.4132,0.4959,0.0000,0.0826,0.0000,0.0000,0.0000,0.0000,0.0000,0.0000,0.0000,0.0000,0.0000,0.0000,0.0000,0.0000,0.0000,0.0000,0.0000,0.0000,10.6667,10.3333,14.6667,13.3333,5.00,2.420,27.94,70.76,2.609,10.238,16.811,590,4.00,5.00,5.00,4.00,5.00,5.00,879.00,210.00,39.00,2.00,0.00,0.00,3.150,354.000,3302.812,0.156,1666.594,3303.188,1649.062,1649.812,1660.719,1646.438,1171.812
2024-08-14T06:05:39Z,031,12,1,241,12,100.00,4.20,23.54,85.55,7.8400,0.6400,0.3200,0.1600,0.0800,0.2400,0.0800,0.0000,0.0000,0.0000,0.0000,0.0000,0.0000,0.0000,0.0000,0.0000,0.0000,0.0000,0.0000,0.0000,0.0000,0.0000,0.0000,0.0000,10.0000,14.6667,13.3333,0.0000,5.00,2.500,27.99,70.70,1.648,5.496,7.812,590,5.00,6.00,6.00,5.00,6.00,6.00,993.00,241.00,49.00,1.00,0.00,0.00,5.400,3.000,3302.812,0.094,1656.344,3303.188,1648.812,1649.625,1661.062,1646.625,1178.250
2024-08-14T06:05:44Z,031,12,1,241,1,100.00,4.25,23.54,85.47,7.0677,0.6767,0.0752,0.0752,0.2256,0.1504,0.0000,0.0000,0.0000,0.0000,0.0000,0.0000,0.0000,0.0000,0.0000,0.0000,0.0000,0.0000,0.0000,0.0000,0.0000,0.0000,0.0000,0.0000,8.6667,14.3333,13.3333,0.0000,5.00,2.660,27.97,70.60,1.391,3.807,4.520,590,4.00,6.00,6.00,4.00,6.00,6.00,918.00,232.00,49.00,2.00,0.00,0.00,9.000,14.000,3302.812,0.125,1647.656,3303.125,1649.031,1649.438,1660.875,1646.438,1172.562
2024-08-14T06:05:49Z,031,12,1,241,2,100.00,4.25,23.54,85.45,8.7912,1.2454,0.2198,0.0733,0.0733,0.3663,0.0000,0.0733,0.0733,0.0000,0.0000,0.0000,0.0000,0.0000,0.0000,0.0000,0.0000,0.0000,0.0000,0.0000,0.0000,0.0000,0.0000,0.0000,10.3333,13.3333,13.6667,18.3333,5.00,2.730,28.03,70.48,1.825,7.279,22.548,590,3.00,5.00,5.00,3.00,5.00,5.00,927.00,240.00,45.00,2.00,0.00,0.00,4.950,6.000,3302.812,0.156,1637.062,3303.188,1649.062,1649.469,1660.750,1646.250,1179.750
2024-08-14T06:05:54Z,031,12,1,241,3,100.00,4.21,23.54,85.36,8.8889,0.2867,0.4301,0.0000,0.3584,0.0000,0.1434,0.0000,0.0000,0.0000,0.0000,0.0000,0.0000,0.0000,0.0000,0.0000,0.0000,0.0000,0.0000,0.0000,0.0000,0.0000,0.0000,0.0000,9.0000,0.0000,0.0000,0.0000,5.00,2.790,28.05,70.44,1.716,5.229,7.837,590,4.00,5.00,5.00,4.00,5.00,5.00,840.00,215.00,41.00,1.00,0.00,0.00,7.200,284.000,3302.812,0.000,1630.000,3303.188,1649.250,1649.812,1660.312,1646.625,1171.688
2024-08-14T06:05:59Z,031,12,1,241,4,100.00,4.20,23.56,85.37,7.4403,0.4778,0.2730,0.1365,0.1365,0.1365,0.0000,0.0000,0.0000,0.0000,0.0000,0.0000,0.0000,0.0000,0.0000,0.0000,0.0000,0.0000,0.0000,0.0000,0.0000,0.0000,0.0000,0.0000,8.3333,11.3333,15.3333,0.0000,5.00,2.930,28.04,70.37,1.478,3.556,4.169,590,4.00,6.00,6.00,4.00,6.00,6.00,825.00,222.00,39.00,2.00,0.00,0.00,4.950,0.000,3302.812,0.031,1621.375,3303.188,1649.250,1649.625,1660.156,1646.438,1179.938
2024-08-14T06:06:04Z,031,12,1,241,5,100.00,4.24,23.54,85.37,8.4142,0.8414,0.3883,0.1294,0.0647,0.2589,0.0000,0.0000,0.0000,0.0000,0.0000,0.0000,0.0000,0.0000,0.0000,0.0000,0.0000,0.0000,0.0000,0.0000,0.0000,0.0000,0.0000,0.0000,9.0000,10.6667,17.0000,0.0000,5.00,3.090,28.08,70.27,1.764,4.648,5.688,590,3.00,5.00,5.00,3.00,5.00,5.00,711.00,193.00,32.00,2.00,0.00,0.00,7.199,4.000,3302.812,0.125,1615.312,3303.188,1648.875,1649.281,1659.938,1646.625,1179.812
2024-08-14T06:06:09Z,031,12,1,241,6,100.00,4.24,23.53,85.36,7.9104,0.6716,0.0000,0.0000,0.0746,0.0746,0.0746,0.0000,0.0000,0.0000,0.0000,0.0000,0.0000,0.0000,0.0000,0.0000,0.0000,0.0000,0.0000,0.0000,0.0000,0.0000,0.0000,0.0000,16.0000,0.0000,15.6667,0.0000,5.00,2.680,28.11,70.24,1.205,3.168,4.745,590,3.00,4.00,4.00,3.00,4.00,4.00,645.00,176.00,23.00,1.00,0.00,0.00,12.152,1.000,3302.812,0.062,1607.438,3303.188,1648.875,1649.062,1660.125,1646.812,1149.188
2024-08-14T06:06:14Z,031,12,1,241,7,100.00,4.25,23.56,85.44,9.1509,0.8491,0.2830,0.2830,0.1887,0.0000,0.0000,0.0943,0.0000,0.0000,0.0000,0.0000,0.0000,0.0000,0.0000,0.0000,0.0000,0.0000,0.0000,0.0000,0.0000,0.0000,0.0000,0.0000,21.3333,11.6667,0.0000,25.3333,5.00,2.120,28.11,70.15,1.886,4.525,9.701,590,2.00,3.00,3.00,2.00,3.00,3.00,573.00,152.00,23.00,1.00,0.00,0.00,11.250,357.000,3302.844,0.062,1600.000,3303.188,1648.969,1649.000,1659.938,1646.438,1172.594
2024-08-14T06:06:19Z,031,12,1,241,8,100.00,4.25,23.57,85.47,8.6408,0.7767,0.0971,0.1942,0.1942,0.1942,0.2913,0.0000,0.0000,0.0000,0.0000,0.0000,0.0000,0.0000,0.0000,0.0000,0.0000,0.0000,0.0000,0.0000,0.0000,0.0000,0.0000,0.0000,14.0000,17.0000,20.0000,0.0000,5.00,2.060,28.17,70.04,1.785,8.454,14.197,590,2.00,3.00,3.00,2.00,3.00,3.00,576.00,148.00,20.00,1.00,0.00,0.00,9.900,2.000,3302.812,0.000,1594.875,3303.188,1649.062,1648.875,1659.750,1646.250,1174.938
2024-08-14T06:06:24Z,031,12,1,241,9,100.00,4.25,23.57,85.48,8.5446,0.3756,0.1878,0.1878,0.0000,0.0000,0.0000,0.0000,0.0000,0.0000,0.0000,0.0000,0.0000,0.0000,0.0000,0.0000,0.0000,0.0000,0.0000,0.0000,0.0000,0.0000,0.0000,0.0000,9.3333,11.6667,0.0000,0.0000,5.00,2.130,28.18,69.97,1.367,1.738,1.752,589,2.00,3.00,3.00,2.00,3.00,3.00,558.00,137.00,18.00,0.00,0.00,0.00,10.798,2.000,3302.812,0.125,1590.219,3303.188,1649.062,1648.938,1659.750,1646.625,1173.375
2024-08-14T06:06:29Z,031,12,1,241,10,100.00,4.25,23.57,85.54,10.7071,1.0101,0.2020,0.2020,0.0000,0.4040,0.1010,0.0000,0.0000,0.1010,0.0000,0.0000,0.0000,0.0000,0.0000,0.0000,0.0000,0.0000,0.0000,0.0000,0.0000,0.0000,0.0000,0.0000,15.3333,45.6667,14.6667,0.0000,5.00,1.980,28.18,69.92,2.063,7.856,37.773,589,2.00,3.00,3.00,2.00,3.00,3.00,564.00,137.00,19.00,0.00,0.00,0.00,8.552,356.000,3302.812,0.031,1583.250,3303.188,1649.062,1648.875,1660.125,1646.812,1173.562
2024-08-14T06:06:34Z,031,12,1,241,11,100.00,4.24,23.56,85.51,11.0160,0.8556,0.3209,0.2139,0.1070,0.0000,0.4278,0.0000,0.1070,0.0000,0.0000,0.0000,0.0000,0.0000,0.0000,0.0000,0.0000,0.0000,0.0000,0.0000,0.0000,0.0000,0.0000,0.0000,16.0000,20.3333,0.0000,0.0000,5.00,1.870,28.18,69.82,2.083,9.634,31.320,589,3.00,4.00,4.00,3.00,4.00,4.00,705.00,171.00,30.00,3.00,0.00,0.00,7.200,3.000,3302.812,0.062,1578.062,3303.125,1649.250,1649.250,1659.750,1646.812,1172.469
2024-08-14T06:06:39Z,031,12,1,241,12,100.00,4.25,23.57,85.42,8.9899,0.5051,0.2020,0.0000,0.2020,0.1010,0.0000,0.0000,0.0000,0.0000,0.0000,0.0000,0.0000,0.0000,0.0000,0.0000,0.0000,0.0000,0.0000,0.0000,0.0000,0.0000,0.0000,0.0000,8.3333,0.0000,68.3333,0.0000,5.00,1.980,28.24,69.78,1.524,3.332,3.837,588,3.00,4.00,4.00,3.00,4.00,4.00,738.00,168.00,20.00,3.00,0.00,0.00,8.550,1.000,3302.812,0.000,1574.625,3303.188,1649.438,1649.188,1659.750,1645.969,1171.688
2024-08-14T06:06:44Z,031,12,1,241,1,100.00,4.24,23.60,85.42,9.7512,0.1990,0.0995,0.0995,0.2985,0.0000,0.2985,0.0000,0.0000,0.0000,0.0000,0.0000,0.0000,0.0000,0.0000,0.0000,0.0000,0.0000,0.0000,0.0000,0.0000,0.0000,0.0000,0.0000,9.6667,12.3333,0.0000,0.0000,5.00,2.010,28.24,69.74,1.646,6.988,12.162,590,3.00,4.00,4.00,3.00,4.00,4.00,765.00,178.00,25.00,3.00,0.00,0.00,9.450,355.000,3302.812,0.000,1569.156,3303.156,1648.906,1649.062,1659.562,1646.250,1172.500
2024-08-14T06:06:49Z,031,12,1,241,2,100.00,4.25,23.60,85.40,10.0488,0.2927,0.2927,0.0000,0.0976,0.1951,0.0976,0.0976,0.0000,0.0000,0.0000,0.0000,0.0000,0.0000,0.0000,0.0000,0.0000,0.0000,0.0000,0.0000,0.0000,0.0000,0.0000,0.0000,10.0000,0.0000,11.6667,15.0000,5.00,2.050,28.24,69.64,1.628,6.464,14.118,590,3.00,4.00,4.00,3.00,4.00,4.00,789.00,178.00,25.00,3.00,0.00,0.00,6.300,0.000,3302.812,0.062,1563.875,3303.188,1649.062,1649.344,1659.562,1646.250,1173.469
2024-08-14T06:06:54Z,031,12,1,241,3,100.00,4.24,23.57,85.33,8.5024,0.3865,0.2899,0.0966,0.0000,0.0966,0.0966,0.0000,0.0000,0.0000,0.0000,0.0000,0.0000,0.0000,0.0000,0.0000,0.0000,0.0000,0.0000,0.0000,0.0000,0.0000,0.0000,0.0000,11.6667,28.3333,13.6667,0.0000,5.00,2.070,28.27,69.59,1.424,3.792,5.786,590,3.00,5.00,5.00,3.00,5.00,5.00,882.00,203.00,29.00,3.00,0.00,0.00,8.100,1.000,3302.812,0.000,1560.750,3303.188,1649.250,1649.625,1659.938,1646.844,1154.625
2024-08-14T06:06:59Z,031,12,1,241,4,100.00,4.25,23.58,85.37,6.8571,0.3810,0.1905,0.0952,0.0952,0.0000,0.0952,0.0000,0.0000,0.0000,0.0000,0.0000,0.0000,0.0000,0.0000,0.0000,0.0000,0.0000,0.0000,0.0000,0.0000,0.0000,0.0000,0.0000,11.3333,26.0000,0.0000,0.0000,5.00,2.100,28.31,69.56,1.200,3.064,4.720,590,2.00,3.00,3.00,2.00,3.00,3.00,711.00,163.00,17.00,0.00,0.00,0.00,10.350,0.000,3302.812,0.031,1554.344,3303.125,1649.344,1649.250,1659.750,1646.875,1173.562
2024-08-14T06:07:04Z,031,12,1,241,5,100.00,4.25,23.60,85.37,8.7368,1.1579,0.1053,0.0000,0.3158,0.1053,0.0000,0.0000,0.0000,0.0000,0.0000,0.0000,0.0000,0.0000,0.0000,0.0000,0.0000,0.0000,0.0000,0.0000,0.0000,0.0000,0.0000,0.0000,16.3333,0.0000,10.6667,0.0000,5.00,1.900,28.31,69.47,1.717,4.019,4.606,590,1.00,2.00,2.00,1.00,2.00,2.00,660.00,156.00,18.00,0.00,0.00,0.00,8.998,356.000,3302.812,0.094,1550.625,3303.188,1648.938,1648.688,1659.656,1646.812,1174.906
2024-08-14T06:07:09Z,031,12,1,241,6,100.00,4.24,23.61,85.39,8.6385,0.8451,0.2817,0.0000,0.0000,0.1878,0.0000,0.0000,0.0000,0.0000,0.0000,0.0000,0.0000,0.0000,0.0000,0.0000,0.0000,0.0000,0.0000,0.0000,0.0000,0.0000,0.0000,0.0000,7.6667,0.0000,17.0000,0.0000,5.00,2.130,28.32,69.40,1.502,3.261,3.982,590,2.00,3.00,3.00,2.00,3.00,3.00,627.00,144.00,12.00,0.00,0.00,0.00,9.002,7.000,3302.750,0.094,1547.750,3303.094,1649.281,1649.312,1659.562,1647.188,1170.938
2024-08-14T06:07:14Z,031,12,1,241,7,100.00,4.24,23.61,85.32,9.2891,0.3791,0.0948,0.0948,0.0948,0.0948,0.0948,0.0000,0.0000,0.0000,0.0000,0.0000,0.0000,0.0000,0.0000,0.0000,0.0000,0.0000,0.0000,0.0000,0.0000,0.0000,0.0000,0.0000,13.0000,13.3333,20.3333,0.0000,5.00,2.110,28.32,69.38,1.464,4.122,6.133,590,2.00,3.00,3.00,2.00,3.00,3.00,678.00,153.00,10.00,0.00,0.00,0.00,7.650,0.000,3302.812,0.000,1548.438,3303.188,1649.062,1649.438,1659.875,1646.625,1175.000
2024-08-14T06:07:19Z,031,12,1,241,8,100.00,4.25,23.61,85.35,10.0971,0.3883,0.0000,0.0000,0.0000,0.0000,0.1942,0.0000,0.0000,0.0000,0.0000,0.0000,0.0000,0.0000,0.0000,0.0000,0.0000,0.0000,0.0000,0.0000,0.0000,0.0000,0.0000,0.0000,15.0000,0.0000,0.0000,0.0000,5.00,2.060,28.35,69.31,1.291,3.850,7.098,590,2.00,3.00,3.00,2.00,3.00,3.00,558.00,138.00,12.00,0.00,0.00,0.00,10.800,12.000,3302.812,0.125,1545.531,3303.188,1649.062,1649.062,1659.594,1646.625,1171.031
2024-08-14T06:07:24Z,031,12,1,241,9,100.00,4.20,23.61,85.33,11.6751,0.6091,0.2030,0.0000,0.1015,0.4061,0.0000,0.1015,0.1015,0.0000,0.0000,0.0000,0.0000,0.0000,0.0000,0.0000,0.0000,0.0000,0.0000,0.0000,0.0000,0.0000,0.0000,0.0000,15.6667,0.0000,25.0000,24.6667,5.00,1.970,28.36,69.28,1.942,8.398,29.160,590,2.00,2.00,2.00,2.00,2.00,2.00,471.00,115.00,8.00,0.00,0.00,0.00,8.100,1.000,3302.812,0.094,1537.531,3303.188,1649.062,1649.250,1659.562,1646.438,1175.812
2024-08-14T06:07:29Z,031,12,1,241,10,100.00,4.25,23.62,85.26,7.9439,1.3084,0.2804,0.0000,0.0935,0.0000,0.0000,0.0935,0.0000,0.0000,0.0000,0.0000,0.0000,0.0000,0.0000,0.0000,0.0000,0.0000,0.0000,0.0000,0.0000,0.0000,0.0000,0.0000,10.0000,0.0000,0.0000,1.3333,5.00,2.140,28.39,69.23,1.527,3.327,8.380,590,1.00,2.00,2.00,1.00,2.00,2.00,441.00,109.00,8.00,0.00,0.00,0.00,8.100,2.000,3302.812,0.000,1536.000,3303.188,1649.062,1649.406,1659.562,1646.594,1182.188
2024-08-14T06:07:34Z,031,12,1,241,11,100.00,4.24,23.61,85.23,9.9123,0.7895,0.4386,0.1754,0.1754,0.0000,0.0000,0.0000,0.0000,0.0000,0.0000,0.0000,0.0000,0.0000,0.0000,0.0000,0.0000,0.0000,0.0000,0.0000,0.0000,0.0000,0.0000,0.0000,9.3333,14.3333,0.0000,0.0000,5.00,2.280,28.42,69.13,1.945,3.114,3.230,590,2.00,3.00,3.00,2.00,3.00,3.00,546.00,138.00,11.00,0.00,0.00,0.00,4.050,1.000,3302.781,0.031,1532.156,3303.125,1649.250,1649.594,1659.750,1646.500,1177.281
2024-08-14T06:07:39Z,031,12,1,241,12,100.00,4.20,23.64,85.17,11.7895,1.2632,0.3158,0.0000,0.4211,0.3158,0.1053,0.0000,0.1053,0.0000,0.0000,0.0000,0.0000,0.0000,0.0000,0.0000,0.0000,0.0000,0.0000,0.0000,0.0000,0.0000,0.0000,0.0000,18.6667,0.0000,14.6667,0.0000,5.00,1.900,28.42,69.12,2.467,9.527,26.967,590,2.00,2.00,2.00,2.00,2.00,2.00,435.00,121.00,15.00,1.00,0.00,0.00,7.650,0.000,3302.781,0.031,1529.062,3303.188,1648.844,1649.250,1659.375,1646.438,1174.062
2024-08-14T06:07:44Z,031,12,1,241,1,100.00,4.20,23.64,85.12,14.8193,0.8434,0.2410,0.0000,0.2410,0.0000,0.1205,0.0000,0.0000,0.0000,0.0000,0.0000,0.0000,0.0000,0.0000,0.0000,0.0000,0.0000,0.0000,0.0000,0.0000,0.0000,0.0000,0.0000,22.0000,0.0000,0.0000,0.0000,5.00,1.660,28.42,69.03,2.306,4.994,7.151,590,2.00,2.00,2.00,2.00,2.00,2.00,447.00,123.00,15.00,1.00,0.00,0.00,9.900,0.000,3302.812,0.062,1529.938,3303.188,1648.844,1649.250,1659.188,1646.625,1176.750
2024-08-14T06:07:49Z,031,12,1,241,2,100.00,4.24,23.62,85.20,15.3143,0.8000,0.3429,0.2286,0.0000,0.2286,0.1143,0.0000,0.0000,0.0000,0.0000,0.0000,0.0000,0.0000,0.0000,0.0000,0.0000,0.0000,0.0000,0.0000,0.0000,0.0000,0.0000,0.0000,10.3333,15.3333,20.3333,0.0000,5.00,1.750,28.45,69.02,2.545,6.536,9.341,590,2.00,3.00,3.00,2.00,3.00,3.00,462.00,125.00,15.00,1.00,0.00,0.00,11.250,1.000,3302.812,0.125,1523.594,3303.062,1649.062,1649.281,1659.156,1647.125,1166.875
2024-08-14T06:08:12Z,031,12,0,243,1,100.00,4.20,23.67,85.28,0.0000,0.0000,0.0000,0.0000,0.0000,0.0000,0.0000,0.0000,0.0000,0.0000,0.0000,0.0000,0.0000,0.0000,0.0000,0.0000,0.0000,0.0000,0.0000,0.0000,0.0000,0.0000,0.0000,0.0000,0.0000,0.0000,0.0000,0.0000,4194979.00,3.700,28.22,69.55,0.000,0.000,0.000,591,1.00,1.00,1.00,1.00,1.00,1.00,210.00,68.00,9.00,1.00,0.00,0.00,7.418,11.000,3302.969,0.125,3302.906,3303.188,1645.688,1683.188,1632.562,1587.969,1180.875
2024-08-14T06:08:17Z,031,12,0,241,2,100.00,4.24,23.67,85.21,3.7500,0.3000,0.1000,0.0500,0.0000,0.1000,0.0000,0.0000,0.0000,0.0000,0.0000,0.0000,0.0000,0.0000,0.0000,0.0000,0.0000,0.0000,0.0000,0.0000,0.0000,0.0000,0.0000,0.0000,9.0000,11.0000,14.6667,0.0000,5.00,4.000,28.32,69.51,0.676,1.670,2.058,589,0.00,1.00,1.00,0.00,1.00,1.00,219.00,69.00,9.00,0.00,0.00,0.00,6.304,2.000,3302.906,0.062,3302.906,3303.188,1646.656,1679.781,1640.188,1601.062,1176.562
